task_id	kind	tier	scaffold_id	chain	method	delta_q_density	target_charge	cell_id	n_samples	num_relax	seed
0	wt_reference	A	eGFP	A				_wt_A_eGFP	1	5	1197946244
1	wt_reference	B	1a1x_A	A				_wt_B_1a1x_A	1	2	2178406310
2	wt_reference	B	1at0_A	A				_wt_B_1at0_A	1	2	1224442940
3	wt_reference	B	1kll_A	A				_wt_B_1kll_A	1	2	4072544717
4	wt_reference	B	1l8d_A	A				_wt_B_1l8d_A	1	2	430992450
5	wt_reference	B	1li1_B	B				_wt_B_1li1_B	1	2	3362566857
6	wt_reference	B	1lom_A	A				_wt_B_1lom_A	1	2	1451875508
7	wt_reference	B	1vmg_A	A				_wt_B_1vmg_A	1	2	1795382850
8	wt_reference	B	2gux_A	A				_wt_B_2gux_A	1	2	2399004720
9	wt_reference	B	2i7r_A	A				_wt_B_2i7r_A	1	2	2899442087
10	wt_reference	B	2rfr_A	A				_wt_B_2rfr_A	1	2	3782217896
11	wt_reference	B	2waw_A	A				_wt_B_2waw_A	1	2	3680042928
12	wt_reference	B	2yxh_A	A				_wt_B_2yxh_A	1	2	1730031634
13	wt_reference	B	3dm8_A	A				_wt_B_3dm8_A	1	2	3167216610
14	wt_reference	B	3gv1_A	A				_wt_B_3gv1_A	1	2	2287692907
15	wt_reference	B	3iu6_A	A				_wt_B_3iu6_A	1	2	2915335582
16	wt_reference	B	3sjq_C	C				_wt_B_3sjq_C	1	2	3001427618
17	wt_reference	B	3vjf_A	A				_wt_B_3vjf_A	1	2	2121453511
18	wt_reference	B	3vto_Q	Q				_wt_B_3vto_Q	1	2	1895526514
19	wt_reference	B	4agh_A	A				_wt_B_4agh_A	1	2	2268661052
20	wt_reference	B	4cq4_B	B				_wt_B_4cq4_B	1	2	280508001
21	wt_reference	B	4lws_B	B				_wt_B_4lws_B	1	2	3120984887
22	wt_reference	B	4o32_C	C				_wt_B_4o32_C	1	2	646610076
23	wt_reference	B	4oeb_A	A				_wt_B_4oeb_A	1	2	2883338855
24	wt_reference	B	4pif_A	A				_wt_B_4pif_A	1	2	309770118
25	design	A	eGFP	A	avnapsa	-24	-62	eGFP_avnapsa_q-62	10	5	4106709112
26	design	A	eGFP	A	avnapsa	-16	-44	eGFP_avnapsa_q-44	10	5	1510970448
27	design	A	eGFP	A	avnapsa	-8	-25	eGFP_avnapsa_q-25	10	5	308217291
28	design	A	eGFP	A	avnapsa	-4	-16	eGFP_avnapsa_q-16	10	5	4260721155
29	design	A	eGFP	A	avnapsa	4	2	eGFP_avnapsa_q+2	10	5	1266024977
30	design	A	eGFP	A	avnapsa	8	11	eGFP_avnapsa_q+11	10	5	180545529
31	design	A	eGFP	A	avnapsa	16	30	eGFP_avnapsa_q+30	10	5	344722711
32	design	A	eGFP	A	avnapsa	24	48	eGFP_avnapsa_q+48	10	5	2008787030
33	design	A	eGFP	A	mpnn_halo	-24	-62	eGFP_mpnn_halo_q-62	10	5	1154766213
34	design	A	eGFP	A	mpnn_halo	-16	-44	eGFP_mpnn_halo_q-44	10	5	2846082914
35	design	A	eGFP	A	mpnn_halo	-8	-25	eGFP_mpnn_halo_q-25	10	5	3497883570
36	design	A	eGFP	A	mpnn_halo	-4	-16	eGFP_mpnn_halo_q-16	10	5	3310337260
37	design	A	eGFP	A	mpnn_halo	4	2	eGFP_mpnn_halo_q+2	10	5	3496660425
38	design	A	eGFP	A	mpnn_halo	8	11	eGFP_mpnn_halo_q+11	10	5	2134476497
39	design	A	eGFP	A	mpnn_halo	16	30	eGFP_mpnn_halo_q+30	10	5	3088696491
40	design	A	eGFP	A	mpnn_halo	24	48	eGFP_mpnn_halo_q+48	10	5	2734576176
41	design	A	eGFP	A	mpnn_hyper	-24	-62	eGFP_mpnn_hyper_q-62	10	5	1035519014
42	design	A	eGFP	A	mpnn_hyper	-16	-44	eGFP_mpnn_hyper_q-44	10	5	2831487730
43	design	A	eGFP	A	mpnn_hyper	-8	-25	eGFP_mpnn_hyper_q-25	10	5	1451755269
44	design	A	eGFP	A	mpnn_hyper	-4	-16	eGFP_mpnn_hyper_q-16	10	5	723988248
45	design	A	eGFP	A	mpnn_hyper	4	2	eGFP_mpnn_hyper_q+2	10	5	606609503
46	design	A	eGFP	A	mpnn_hyper	8	11	eGFP_mpnn_hyper_q+11	10	5	1266379503
47	design	A	eGFP	A	mpnn_hyper	16	30	eGFP_mpnn_hyper_q+30	10	5	1919244654
48	design	A	eGFP	A	mpnn_hyper	24	48	eGFP_mpnn_hyper_q+48	10	5	2337936882
49	design	A	eGFP	A	mpnn_soluble	-24	-62	eGFP_mpnn_soluble_q-62	10	5	641244824
50	design	A	eGFP	A	mpnn_soluble	-16	-44	eGFP_mpnn_soluble_q-44	10	5	763251745
51	design	A	eGFP	A	mpnn_soluble	-8	-25	eGFP_mpnn_soluble_q-25	10	5	1766984830
52	design	A	eGFP	A	mpnn_soluble	-4	-16	eGFP_mpnn_soluble_q-16	10	5	2585037215
53	design	A	eGFP	A	mpnn_soluble	4	2	eGFP_mpnn_soluble_q+2	10	5	3592679039
54	design	A	eGFP	A	mpnn_soluble	8	11	eGFP_mpnn_soluble_q+11	10	5	3794412896
55	design	A	eGFP	A	mpnn_soluble	16	30	eGFP_mpnn_soluble_q+30	10	5	1628939790
56	design	A	eGFP	A	mpnn_soluble	24	48	eGFP_mpnn_soluble_q+48	10	5	428141861
57	design	A	eGFP	A	mpnn_soluble_hbond_protected	-24	-62	eGFP_mpnn_soluble_hbond_protected_q-62	10	5	3029979978
58	design	A	eGFP	A	mpnn_soluble_hbond_protected	-16	-44	eGFP_mpnn_soluble_hbond_protected_q-44	10	5	2783628708
59	design	A	eGFP	A	mpnn_soluble_hbond_protected	-8	-25	eGFP_mpnn_soluble_hbond_protected_q-25	10	5	3290864999
60	design	A	eGFP	A	mpnn_soluble_hbond_protected	-4	-16	eGFP_mpnn_soluble_hbond_protected_q-16	10	5	2199837687
61	design	A	eGFP	A	mpnn_soluble_hbond_protected	4	2	eGFP_mpnn_soluble_hbond_protected_q+2	10	5	3926874508
62	design	A	eGFP	A	mpnn_soluble_hbond_protected	8	11	eGFP_mpnn_soluble_hbond_protected_q+11	10	5	2990881484
63	design	A	eGFP	A	mpnn_soluble_hbond_protected	16	30	eGFP_mpnn_soluble_hbond_protected_q+30	10	5	1108611533
64	design	A	eGFP	A	mpnn_soluble_hbond_protected	24	48	eGFP_mpnn_soluble_hbond_protected_q+48	10	5	2629332693
65	design	A	eGFP	A	mpnn_vanilla_weights	-24	-62	eGFP_mpnn_vanilla_weights_q-62	10	5	1592390745
66	design	A	eGFP	A	mpnn_vanilla_weights	-16	-44	eGFP_mpnn_vanilla_weights_q-44	10	5	3954065684
67	design	A	eGFP	A	mpnn_vanilla_weights	-8	-25	eGFP_mpnn_vanilla_weights_q-25	10	5	3691439767
68	design	A	eGFP	A	mpnn_vanilla_weights	-4	-16	eGFP_mpnn_vanilla_weights_q-16	10	5	3451835087
69	design	A	eGFP	A	mpnn_vanilla_weights	4	2	eGFP_mpnn_vanilla_weights_q+2	10	5	1228707012
70	design	A	eGFP	A	mpnn_vanilla_weights	8	11	eGFP_mpnn_vanilla_weights_q+11	10	5	2085601690
71	design	A	eGFP	A	mpnn_vanilla_weights	16	30	eGFP_mpnn_vanilla_weights_q+30	10	5	726529395
72	design	A	eGFP	A	mpnn_vanilla_weights	24	48	eGFP_mpnn_vanilla_weights_q+48	10	5	2032895276
73	design	A	eGFP	A	random_control	-24	-62	eGFP_random_control_q-62	10	5	2079190621
74	design	A	eGFP	A	random_control	-16	-44	eGFP_random_control_q-44	10	5	2232525802
75	design	A	eGFP	A	random_control	-8	-25	eGFP_random_control_q-25	10	5	3434234061
76	design	A	eGFP	A	random_control	-4	-16	eGFP_random_control_q-16	10	5	3962950953
77	design	A	eGFP	A	random_control	4	2	eGFP_random_control_q+2	10	5	3048681670
78	design	A	eGFP	A	random_control	8	11	eGFP_random_control_q+11	10	5	310680690
79	design	A	eGFP	A	random_control	16	30	eGFP_random_control_q+30	10	5	2502557607
80	design	A	eGFP	A	random_control	24	48	eGFP_random_control_q+48	10	5	103137921
81	design	A	eGFP	A	rosetta	-24	-62	eGFP_rosetta_q-62	10	5	3103249326
82	design	A	eGFP	A	rosetta	-16	-44	eGFP_rosetta_q-44	10	5	76163143
83	design	A	eGFP	A	rosetta	-8	-25	eGFP_rosetta_q-25	10	5	3055898795
84	design	A	eGFP	A	rosetta	-4	-16	eGFP_rosetta_q-16	10	5	2485736705
85	design	A	eGFP	A	rosetta	4	2	eGFP_rosetta_q+2	10	5	2044516718
86	design	A	eGFP	A	rosetta	8	11	eGFP_rosetta_q+11	10	5	2147800379
87	design	A	eGFP	A	rosetta	16	30	eGFP_rosetta_q+30	10	5	2647887360
88	design	A	eGFP	A	rosetta	24	48	eGFP_rosetta_q+48	10	5	1775312421
89	design	A	eGFP	A	rosetta_hbond_off	-24	-62	eGFP_rosetta_hbond_off_q-62	10	5	652904891
90	design	A	eGFP	A	rosetta_hbond_off	-16	-44	eGFP_rosetta_hbond_off_q-44	10	5	355437039
91	design	A	eGFP	A	rosetta_hbond_off	-8	-25	eGFP_rosetta_hbond_off_q-25	10	5	2808823131
92	design	A	eGFP	A	rosetta_hbond_off	-4	-16	eGFP_rosetta_hbond_off_q-16	10	5	370803902
93	design	A	eGFP	A	rosetta_hbond_off	4	2	eGFP_rosetta_hbond_off_q+2	10	5	999141175
94	design	A	eGFP	A	rosetta_hbond_off	8	11	eGFP_rosetta_hbond_off_q+11	10	5	356016112
95	design	A	eGFP	A	rosetta_hbond_off	16	30	eGFP_rosetta_hbond_off_q+30	10	5	3146519651
96	design	A	eGFP	A	rosetta_hbond_off	24	48	eGFP_rosetta_hbond_off_q+48	10	5	81472614
97	design	B	1a1x_A	A	avnapsa	-16	-24	1a1x_A_avnapsa_q-24	3	2	1727880940
98	design	B	1a1x_A	A	avnapsa	-8	-15	1a1x_A_avnapsa_q-15	3	2	3987235313
99	design	B	1a1x_A	A	avnapsa	8	1	1a1x_A_avnapsa_q+1	3	2	3175938359
100	design	B	1a1x_A	A	avnapsa	16	10	1a1x_A_avnapsa_q+10	3	2	266064854
101	design	B	1a1x_A	A	mpnn_halo	-16	-24	1a1x_A_mpnn_halo_q-24	3	2	1851166257
102	design	B	1a1x_A	A	mpnn_halo	-8	-15	1a1x_A_mpnn_halo_q-15	3	2	3170029604
103	design	B	1a1x_A	A	mpnn_halo	8	1	1a1x_A_mpnn_halo_q+1	3	2	3630118711
104	design	B	1a1x_A	A	mpnn_halo	16	10	1a1x_A_mpnn_halo_q+10	3	2	796425901
105	design	B	1a1x_A	A	mpnn_hyper	-16	-24	1a1x_A_mpnn_hyper_q-24	3	2	3396978353
106	design	B	1a1x_A	A	mpnn_hyper	-8	-15	1a1x_A_mpnn_hyper_q-15	3	2	2203223038
107	design	B	1a1x_A	A	mpnn_hyper	8	1	1a1x_A_mpnn_hyper_q+1	3	2	3365973398
108	design	B	1a1x_A	A	mpnn_hyper	16	10	1a1x_A_mpnn_hyper_q+10	3	2	2306616340
109	design	B	1a1x_A	A	mpnn_soluble	-16	-24	1a1x_A_mpnn_soluble_q-24	3	2	2925057083
110	design	B	1a1x_A	A	mpnn_soluble	-8	-15	1a1x_A_mpnn_soluble_q-15	3	2	1711929293
111	design	B	1a1x_A	A	mpnn_soluble	8	1	1a1x_A_mpnn_soluble_q+1	3	2	1521708313
112	design	B	1a1x_A	A	mpnn_soluble	16	10	1a1x_A_mpnn_soluble_q+10	3	2	755136633
113	design	B	1a1x_A	A	mpnn_soluble_hbond_protected	-16	-24	1a1x_A_mpnn_soluble_hbond_protected_q-24	3	2	876006456
114	design	B	1a1x_A	A	mpnn_soluble_hbond_protected	-8	-15	1a1x_A_mpnn_soluble_hbond_protected_q-15	3	2	3596833639
115	design	B	1a1x_A	A	mpnn_soluble_hbond_protected	8	1	1a1x_A_mpnn_soluble_hbond_protected_q+1	3	2	2545387854
116	design	B	1a1x_A	A	mpnn_soluble_hbond_protected	16	10	1a1x_A_mpnn_soluble_hbond_protected_q+10	3	2	2796051554
117	design	B	1a1x_A	A	mpnn_vanilla_weights	-16	-24	1a1x_A_mpnn_vanilla_weights_q-24	3	2	2760282505
118	design	B	1a1x_A	A	mpnn_vanilla_weights	-8	-15	1a1x_A_mpnn_vanilla_weights_q-15	3	2	3857680301
119	design	B	1a1x_A	A	mpnn_vanilla_weights	8	1	1a1x_A_mpnn_vanilla_weights_q+1	3	2	1304308634
120	design	B	1a1x_A	A	mpnn_vanilla_weights	16	10	1a1x_A_mpnn_vanilla_weights_q+10	3	2	557552128
121	design	B	1a1x_A	A	random_control	-16	-24	1a1x_A_random_control_q-24	3	2	3590343048
122	design	B	1a1x_A	A	random_control	-8	-15	1a1x_A_random_control_q-15	3	2	2854906473
123	design	B	1a1x_A	A	random_control	8	1	1a1x_A_random_control_q+1	3	2	2454184152
124	design	B	1a1x_A	A	random_control	16	10	1a1x_A_random_control_q+10	3	2	3904620509
125	design	B	1a1x_A	A	rosetta	-16	-24	1a1x_A_rosetta_q-24	3	2	1126836632
126	design	B	1a1x_A	A	rosetta	-8	-15	1a1x_A_rosetta_q-15	3	2	665043214
127	design	B	1a1x_A	A	rosetta	8	1	1a1x_A_rosetta_q+1	3	2	273494849
128	design	B	1a1x_A	A	rosetta	16	10	1a1x_A_rosetta_q+10	3	2	2690053700
129	design	B	1a1x_A	A	rosetta_hbond_off	-16	-24	1a1x_A_rosetta_hbond_off_q-24	3	2	2612037939
130	design	B	1a1x_A	A	rosetta_hbond_off	-8	-15	1a1x_A_rosetta_hbond_off_q-15	3	2	3288597466
131	design	B	1a1x_A	A	rosetta_hbond_off	8	1	1a1x_A_rosetta_hbond_off_q+1	3	2	2145455077
132	design	B	1a1x_A	A	rosetta_hbond_off	16	10	1a1x_A_rosetta_hbond_off_q+10	3	2	3001289312
133	design	B	1at0_A	A	avnapsa	-16	-25	1at0_A_avnapsa_q-25	3	2	2204355846
134	design	B	1at0_A	A	avnapsa	-8	-13	1at0_A_avnapsa_q-13	3	2	938977948
135	design	B	1at0_A	A	avnapsa	8	9	1at0_A_avnapsa_q+9	3	2	2074008763
136	design	B	1at0_A	A	avnapsa	16	21	1at0_A_avnapsa_q+21	3	2	2640337587
137	design	B	1at0_A	A	mpnn_halo	-16	-25	1at0_A_mpnn_halo_q-25	3	2	404609583
138	design	B	1at0_A	A	mpnn_halo	-8	-13	1at0_A_mpnn_halo_q-13	3	2	1660704215
139	design	B	1at0_A	A	mpnn_halo	8	9	1at0_A_mpnn_halo_q+9	3	2	3479570563
140	design	B	1at0_A	A	mpnn_halo	16	21	1at0_A_mpnn_halo_q+21	3	2	2677756495
141	design	B	1at0_A	A	mpnn_hyper	-16	-25	1at0_A_mpnn_hyper_q-25	3	2	3879556282
142	design	B	1at0_A	A	mpnn_hyper	-8	-13	1at0_A_mpnn_hyper_q-13	3	2	2427225509
143	design	B	1at0_A	A	mpnn_hyper	8	9	1at0_A_mpnn_hyper_q+9	3	2	2804327275
144	design	B	1at0_A	A	mpnn_hyper	16	21	1at0_A_mpnn_hyper_q+21	3	2	1775202482
145	design	B	1at0_A	A	mpnn_soluble	-16	-25	1at0_A_mpnn_soluble_q-25	3	2	495360681
146	design	B	1at0_A	A	mpnn_soluble	-8	-13	1at0_A_mpnn_soluble_q-13	3	2	554996894
147	design	B	1at0_A	A	mpnn_soluble	8	9	1at0_A_mpnn_soluble_q+9	3	2	2784881306
148	design	B	1at0_A	A	mpnn_soluble	16	21	1at0_A_mpnn_soluble_q+21	3	2	1959881332
149	design	B	1at0_A	A	mpnn_soluble_hbond_protected	-16	-25	1at0_A_mpnn_soluble_hbond_protected_q-25	3	2	1565660376
150	design	B	1at0_A	A	mpnn_soluble_hbond_protected	-8	-13	1at0_A_mpnn_soluble_hbond_protected_q-13	3	2	347107429
151	design	B	1at0_A	A	mpnn_soluble_hbond_protected	8	9	1at0_A_mpnn_soluble_hbond_protected_q+9	3	2	895157620
152	design	B	1at0_A	A	mpnn_soluble_hbond_protected	16	21	1at0_A_mpnn_soluble_hbond_protected_q+21	3	2	1745006095
153	design	B	1at0_A	A	mpnn_vanilla_weights	-16	-25	1at0_A_mpnn_vanilla_weights_q-25	3	2	2459146609
154	design	B	1at0_A	A	mpnn_vanilla_weights	-8	-13	1at0_A_mpnn_vanilla_weights_q-13	3	2	2937814033
155	design	B	1at0_A	A	mpnn_vanilla_weights	8	9	1at0_A_mpnn_vanilla_weights_q+9	3	2	1120289107
156	design	B	1at0_A	A	mpnn_vanilla_weights	16	21	1at0_A_mpnn_vanilla_weights_q+21	3	2	2305649261
157	design	B	1at0_A	A	random_control	-16	-25	1at0_A_random_control_q-25	3	2	2732769561
158	design	B	1at0_A	A	random_control	-8	-13	1at0_A_random_control_q-13	3	2	3509699171
159	design	B	1at0_A	A	random_control	8	9	1at0_A_random_control_q+9	3	2	930434297
160	design	B	1at0_A	A	random_control	16	21	1at0_A_random_control_q+21	3	2	135071379
161	design	B	1at0_A	A	rosetta	-16	-25	1at0_A_rosetta_q-25	3	2	3441832540
162	design	B	1at0_A	A	rosetta	-8	-13	1at0_A_rosetta_q-13	3	2	1150756981
163	design	B	1at0_A	A	rosetta	8	9	1at0_A_rosetta_q+9	3	2	374037256
164	design	B	1at0_A	A	rosetta	16	21	1at0_A_rosetta_q+21	3	2	2148952329
165	design	B	1at0_A	A	rosetta_hbond_off	-16	-25	1at0_A_rosetta_hbond_off_q-25	3	2	3540257531
166	design	B	1at0_A	A	rosetta_hbond_off	-8	-13	1at0_A_rosetta_hbond_off_q-13	3	2	2628820126
167	design	B	1at0_A	A	rosetta_hbond_off	8	9	1at0_A_rosetta_hbond_off_q+9	3	2	3647486817
168	design	B	1at0_A	A	rosetta_hbond_off	16	21	1at0_A_rosetta_hbond_off_q+21	3	2	2643741558
169	design	B	1kll_A	A	avnapsa	-16	-29	1kll_A_avnapsa_q-29	3	2	3251881576
170	design	B	1kll_A	A	avnapsa	-8	-19	1kll_A_avnapsa_q-19	3	2	2353267904
171	design	B	1kll_A	A	avnapsa	8	1	1kll_A_avnapsa_q+1	3	2	3702015574
172	design	B	1kll_A	A	avnapsa	16	11	1kll_A_avnapsa_q+11	3	2	2409480704
173	design	B	1kll_A	A	mpnn_halo	-16	-29	1kll_A_mpnn_halo_q-29	3	2	1484388156
174	design	B	1kll_A	A	mpnn_halo	-8	-19	1kll_A_mpnn_halo_q-19	3	2	1657837991
175	design	B	1kll_A	A	mpnn_halo	8	1	1kll_A_mpnn_halo_q+1	3	2	1512588659
176	design	B	1kll_A	A	mpnn_halo	16	11	1kll_A_mpnn_halo_q+11	3	2	3462925994
177	design	B	1kll_A	A	mpnn_hyper	-16	-29	1kll_A_mpnn_hyper_q-29	3	2	753471304
178	design	B	1kll_A	A	mpnn_hyper	-8	-19	1kll_A_mpnn_hyper_q-19	3	2	3953982132
179	design	B	1kll_A	A	mpnn_hyper	8	1	1kll_A_mpnn_hyper_q+1	3	2	576757063
180	design	B	1kll_A	A	mpnn_hyper	16	11	1kll_A_mpnn_hyper_q+11	3	2	1891754114
181	design	B	1kll_A	A	mpnn_soluble	-16	-29	1kll_A_mpnn_soluble_q-29	3	2	1684533555
182	design	B	1kll_A	A	mpnn_soluble	-8	-19	1kll_A_mpnn_soluble_q-19	3	2	3820611313
183	design	B	1kll_A	A	mpnn_soluble	8	1	1kll_A_mpnn_soluble_q+1	3	2	3686545092
184	design	B	1kll_A	A	mpnn_soluble	16	11	1kll_A_mpnn_soluble_q+11	3	2	2418902429
185	design	B	1kll_A	A	mpnn_soluble_hbond_protected	-16	-29	1kll_A_mpnn_soluble_hbond_protected_q-29	3	2	3804519916
186	design	B	1kll_A	A	mpnn_soluble_hbond_protected	-8	-19	1kll_A_mpnn_soluble_hbond_protected_q-19	3	2	945483369
187	design	B	1kll_A	A	mpnn_soluble_hbond_protected	8	1	1kll_A_mpnn_soluble_hbond_protected_q+1	3	2	3718477792
188	design	B	1kll_A	A	mpnn_soluble_hbond_protected	16	11	1kll_A_mpnn_soluble_hbond_protected_q+11	3	2	4278058373
189	design	B	1kll_A	A	mpnn_vanilla_weights	-16	-29	1kll_A_mpnn_vanilla_weights_q-29	3	2	2050957337
190	design	B	1kll_A	A	mpnn_vanilla_weights	-8	-19	1kll_A_mpnn_vanilla_weights_q-19	3	2	2880321491
191	design	B	1kll_A	A	mpnn_vanilla_weights	8	1	1kll_A_mpnn_vanilla_weights_q+1	3	2	3653600433
192	design	B	1kll_A	A	mpnn_vanilla_weights	16	11	1kll_A_mpnn_vanilla_weights_q+11	3	2	3288157873
193	design	B	1kll_A	A	random_control	-16	-29	1kll_A_random_control_q-29	3	2	406179421
194	design	B	1kll_A	A	random_control	-8	-19	1kll_A_random_control_q-19	3	2	3808894272
195	design	B	1kll_A	A	random_control	8	1	1kll_A_random_control_q+1	3	2	3905901010
196	design	B	1kll_A	A	random_control	16	11	1kll_A_random_control_q+11	3	2	1209463862
197	design	B	1kll_A	A	rosetta	-16	-29	1kll_A_rosetta_q-29	3	2	868731866
198	design	B	1kll_A	A	rosetta	-8	-19	1kll_A_rosetta_q-19	3	2	3366023302
199	design	B	1kll_A	A	rosetta	8	1	1kll_A_rosetta_q+1	3	2	4118842798
200	design	B	1kll_A	A	rosetta	16	11	1kll_A_rosetta_q+11	3	2	694251249
201	design	B	1kll_A	A	rosetta_hbond_off	-16	-29	1kll_A_rosetta_hbond_off_q-29	3	2	4133447233
202	design	B	1kll_A	A	rosetta_hbond_off	-8	-19	1kll_A_rosetta_hbond_off_q-19	3	2	3823267585
203	design	B	1kll_A	A	rosetta_hbond_off	8	1	1kll_A_rosetta_hbond_off_q+1	3	2	2614828739
204	design	B	1kll_A	A	rosetta_hbond_off	16	11	1kll_A_rosetta_hbond_off_q+11	3	2	2351145590
205	design	B	1l8d_A	A	avnapsa	-16	-14	1l8d_A_avnapsa_q-14	3	2	2031864779
206	design	B	1l8d_A	A	avnapsa	-8	-6	1l8d_A_avnapsa_q-6	3	2	2584638569
207	design	B	1l8d_A	A	avnapsa	8	10	1l8d_A_avnapsa_q+10	3	2	4280321492
208	design	B	1l8d_A	A	avnapsa	16	18	1l8d_A_avnapsa_q+18	3	2	2399039849
209	design	B	1l8d_A	A	mpnn_halo	-16	-14	1l8d_A_mpnn_halo_q-14	3	2	2867648469
210	design	B	1l8d_A	A	mpnn_halo	-8	-6	1l8d_A_mpnn_halo_q-6	3	2	2476250486
211	design	B	1l8d_A	A	mpnn_halo	8	10	1l8d_A_mpnn_halo_q+10	3	2	3980304859
212	design	B	1l8d_A	A	mpnn_halo	16	18	1l8d_A_mpnn_halo_q+18	3	2	558218051
213	design	B	1l8d_A	A	mpnn_hyper	-16	-14	1l8d_A_mpnn_hyper_q-14	3	2	816422388
214	design	B	1l8d_A	A	mpnn_hyper	-8	-6	1l8d_A_mpnn_hyper_q-6	3	2	3796198728
215	design	B	1l8d_A	A	mpnn_hyper	8	10	1l8d_A_mpnn_hyper_q+10	3	2	2507013388
216	design	B	1l8d_A	A	mpnn_hyper	16	18	1l8d_A_mpnn_hyper_q+18	3	2	1441540320
217	design	B	1l8d_A	A	mpnn_soluble	-16	-14	1l8d_A_mpnn_soluble_q-14	3	2	536112469
218	design	B	1l8d_A	A	mpnn_soluble	-8	-6	1l8d_A_mpnn_soluble_q-6	3	2	367267804
219	design	B	1l8d_A	A	mpnn_soluble	8	10	1l8d_A_mpnn_soluble_q+10	3	2	1006520242
220	design	B	1l8d_A	A	mpnn_soluble	16	18	1l8d_A_mpnn_soluble_q+18	3	2	1572001398
221	design	B	1l8d_A	A	mpnn_soluble_hbond_protected	-16	-14	1l8d_A_mpnn_soluble_hbond_protected_q-14	3	2	3577092541
222	design	B	1l8d_A	A	mpnn_soluble_hbond_protected	-8	-6	1l8d_A_mpnn_soluble_hbond_protected_q-6	3	2	4056725092
223	design	B	1l8d_A	A	mpnn_soluble_hbond_protected	8	10	1l8d_A_mpnn_soluble_hbond_protected_q+10	3	2	1089319103
224	design	B	1l8d_A	A	mpnn_soluble_hbond_protected	16	18	1l8d_A_mpnn_soluble_hbond_protected_q+18	3	2	1528494502
225	design	B	1l8d_A	A	mpnn_vanilla_weights	-16	-14	1l8d_A_mpnn_vanilla_weights_q-14	3	2	1364736508
226	design	B	1l8d_A	A	mpnn_vanilla_weights	-8	-6	1l8d_A_mpnn_vanilla_weights_q-6	3	2	116076449
227	design	B	1l8d_A	A	mpnn_vanilla_weights	8	10	1l8d_A_mpnn_vanilla_weights_q+10	3	2	3393071422
228	design	B	1l8d_A	A	mpnn_vanilla_weights	16	18	1l8d_A_mpnn_vanilla_weights_q+18	3	2	3419805713
229	design	B	1l8d_A	A	random_control	-16	-14	1l8d_A_random_control_q-14	3	2	2652732037
230	design	B	1l8d_A	A	random_control	-8	-6	1l8d_A_random_control_q-6	3	2	1801711951
231	design	B	1l8d_A	A	random_control	8	10	1l8d_A_random_control_q+10	3	2	74702302
232	design	B	1l8d_A	A	random_control	16	18	1l8d_A_random_control_q+18	3	2	1121268972
233	design	B	1l8d_A	A	rosetta	-16	-14	1l8d_A_rosetta_q-14	3	2	4159288081
234	design	B	1l8d_A	A	rosetta	-8	-6	1l8d_A_rosetta_q-6	3	2	3675325712
235	design	B	1l8d_A	A	rosetta	8	10	1l8d_A_rosetta_q+10	3	2	3006231710
236	design	B	1l8d_A	A	rosetta	16	18	1l8d_A_rosetta_q+18	3	2	3553099971
237	design	B	1l8d_A	A	rosetta_hbond_off	-16	-14	1l8d_A_rosetta_hbond_off_q-14	3	2	2272111345
238	design	B	1l8d_A	A	rosetta_hbond_off	-8	-6	1l8d_A_rosetta_hbond_off_q-6	3	2	3792015051
239	design	B	1l8d_A	A	rosetta_hbond_off	8	10	1l8d_A_rosetta_hbond_off_q+10	3	2	2552141056
240	design	B	1l8d_A	A	rosetta_hbond_off	16	18	1l8d_A_rosetta_hbond_off_q+18	3	2	4007149329
241	design	B	1li1_B	B	avnapsa	-16	-34	1li1_B_avnapsa_q-34	3	2	4266293865
242	design	B	1li1_B	B	avnapsa	-8	-16	1li1_B_avnapsa_q-16	3	2	3661291981
243	design	B	1li1_B	B	avnapsa	8	20	1li1_B_avnapsa_q+20	3	2	1168575810
244	design	B	1li1_B	B	avnapsa	16	38	1li1_B_avnapsa_q+38	3	2	2109650137
245	design	B	1li1_B	B	mpnn_halo	-16	-34	1li1_B_mpnn_halo_q-34	3	2	2773923204
246	design	B	1li1_B	B	mpnn_halo	-8	-16	1li1_B_mpnn_halo_q-16	3	2	1748443834
247	design	B	1li1_B	B	mpnn_halo	8	20	1li1_B_mpnn_halo_q+20	3	2	1838620826
248	design	B	1li1_B	B	mpnn_halo	16	38	1li1_B_mpnn_halo_q+38	3	2	3126741055
249	design	B	1li1_B	B	mpnn_hyper	-16	-34	1li1_B_mpnn_hyper_q-34	3	2	1645219567
250	design	B	1li1_B	B	mpnn_hyper	-8	-16	1li1_B_mpnn_hyper_q-16	3	2	3730287669
251	design	B	1li1_B	B	mpnn_hyper	8	20	1li1_B_mpnn_hyper_q+20	3	2	3261950053
252	design	B	1li1_B	B	mpnn_hyper	16	38	1li1_B_mpnn_hyper_q+38	3	2	1967820810
253	design	B	1li1_B	B	mpnn_soluble	-16	-34	1li1_B_mpnn_soluble_q-34	3	2	2319876995
254	design	B	1li1_B	B	mpnn_soluble	-8	-16	1li1_B_mpnn_soluble_q-16	3	2	28678442
255	design	B	1li1_B	B	mpnn_soluble	8	20	1li1_B_mpnn_soluble_q+20	3	2	2512562966
256	design	B	1li1_B	B	mpnn_soluble	16	38	1li1_B_mpnn_soluble_q+38	3	2	941202052
257	design	B	1li1_B	B	mpnn_vanilla_weights	-16	-34	1li1_B_mpnn_vanilla_weights_q-34	3	2	1190666489
258	design	B	1li1_B	B	mpnn_vanilla_weights	-8	-16	1li1_B_mpnn_vanilla_weights_q-16	3	2	3455173400
259	design	B	1li1_B	B	mpnn_vanilla_weights	8	20	1li1_B_mpnn_vanilla_weights_q+20	3	2	2778505004
260	design	B	1li1_B	B	mpnn_vanilla_weights	16	38	1li1_B_mpnn_vanilla_weights_q+38	3	2	228418930
261	design	B	1li1_B	B	random_control	-16	-34	1li1_B_random_control_q-34	3	2	3666638480
262	design	B	1li1_B	B	random_control	-8	-16	1li1_B_random_control_q-16	3	2	514397524
263	design	B	1li1_B	B	random_control	8	20	1li1_B_random_control_q+20	3	2	538602419
264	design	B	1li1_B	B	random_control	16	38	1li1_B_random_control_q+38	3	2	497166248
265	design	B	1li1_B	B	rosetta	-16	-34	1li1_B_rosetta_q-34	3	2	3050117964
266	design	B	1li1_B	B	rosetta	-8	-16	1li1_B_rosetta_q-16	3	2	1086043272
267	design	B	1li1_B	B	rosetta	8	20	1li1_B_rosetta_q+20	3	2	4212853934
268	design	B	1li1_B	B	rosetta	16	38	1li1_B_rosetta_q+38	3	2	19299177
269	design	B	1lom_A	A	avnapsa	-16	-19	1lom_A_avnapsa_q-19	3	2	3125614609
270	design	B	1lom_A	A	avnapsa	-8	-11	1lom_A_avnapsa_q-11	3	2	891525965
271	design	B	1lom_A	A	avnapsa	8	5	1lom_A_avnapsa_q+5	3	2	3005605001
272	design	B	1lom_A	A	avnapsa	16	13	1lom_A_avnapsa_q+13	3	2	3581360405
273	design	B	1lom_A	A	mpnn_halo	-16	-19	1lom_A_mpnn_halo_q-19	3	2	683284023
274	design	B	1lom_A	A	mpnn_halo	-8	-11	1lom_A_mpnn_halo_q-11	3	2	1702749558
275	design	B	1lom_A	A	mpnn_halo	8	5	1lom_A_mpnn_halo_q+5	3	2	1716375152
276	design	B	1lom_A	A	mpnn_halo	16	13	1lom_A_mpnn_halo_q+13	3	2	580659055
277	design	B	1lom_A	A	mpnn_hyper	-16	-19	1lom_A_mpnn_hyper_q-19	3	2	3638044216
278	design	B	1lom_A	A	mpnn_hyper	-8	-11	1lom_A_mpnn_hyper_q-11	3	2	2864489652
279	design	B	1lom_A	A	mpnn_hyper	8	5	1lom_A_mpnn_hyper_q+5	3	2	1415979058
280	design	B	1lom_A	A	mpnn_hyper	16	13	1lom_A_mpnn_hyper_q+13	3	2	3645165792
281	design	B	1lom_A	A	mpnn_soluble	-16	-19	1lom_A_mpnn_soluble_q-19	3	2	860856888
282	design	B	1lom_A	A	mpnn_soluble	-8	-11	1lom_A_mpnn_soluble_q-11	3	2	3785028047
283	design	B	1lom_A	A	mpnn_soluble	8	5	1lom_A_mpnn_soluble_q+5	3	2	1976469388
284	design	B	1lom_A	A	mpnn_soluble	16	13	1lom_A_mpnn_soluble_q+13	3	2	3915860074
285	design	B	1lom_A	A	mpnn_vanilla_weights	-16	-19	1lom_A_mpnn_vanilla_weights_q-19	3	2	3413821444
286	design	B	1lom_A	A	mpnn_vanilla_weights	-8	-11	1lom_A_mpnn_vanilla_weights_q-11	3	2	3714585774
287	design	B	1lom_A	A	mpnn_vanilla_weights	8	5	1lom_A_mpnn_vanilla_weights_q+5	3	2	3663753099
288	design	B	1lom_A	A	mpnn_vanilla_weights	16	13	1lom_A_mpnn_vanilla_weights_q+13	3	2	3446840069
289	design	B	1lom_A	A	random_control	-16	-19	1lom_A_random_control_q-19	3	2	1157172537
290	design	B	1lom_A	A	random_control	-8	-11	1lom_A_random_control_q-11	3	2	2571596680
291	design	B	1lom_A	A	random_control	8	5	1lom_A_random_control_q+5	3	2	2651654980
292	design	B	1lom_A	A	random_control	16	13	1lom_A_random_control_q+13	3	2	4198564877
293	design	B	1lom_A	A	rosetta	-16	-19	1lom_A_rosetta_q-19	3	2	681432473
294	design	B	1lom_A	A	rosetta	-8	-11	1lom_A_rosetta_q-11	3	2	2235777655
295	design	B	1lom_A	A	rosetta	8	5	1lom_A_rosetta_q+5	3	2	2461796980
296	design	B	1lom_A	A	rosetta	16	13	1lom_A_rosetta_q+13	3	2	1970640700
297	design	B	1vmg_A	A	avnapsa	-16	-22	1vmg_A_avnapsa_q-22	3	2	1827516875
298	design	B	1vmg_A	A	avnapsa	-8	-15	1vmg_A_avnapsa_q-15	3	2	1268966663
299	design	B	1vmg_A	A	avnapsa	8	-3	1vmg_A_avnapsa_q-3	3	2	4172981254
300	design	B	1vmg_A	A	avnapsa	16	4	1vmg_A_avnapsa_q+4	3	2	1276842636
301	design	B	1vmg_A	A	mpnn_halo	-16	-22	1vmg_A_mpnn_halo_q-22	3	2	3214280812
302	design	B	1vmg_A	A	mpnn_halo	-8	-15	1vmg_A_mpnn_halo_q-15	3	2	1105444320
303	design	B	1vmg_A	A	mpnn_halo	8	-3	1vmg_A_mpnn_halo_q-3	3	2	1168627282
304	design	B	1vmg_A	A	mpnn_halo	16	4	1vmg_A_mpnn_halo_q+4	3	2	2755672443
305	design	B	1vmg_A	A	mpnn_hyper	-16	-22	1vmg_A_mpnn_hyper_q-22	3	2	3695335812
306	design	B	1vmg_A	A	mpnn_hyper	-8	-15	1vmg_A_mpnn_hyper_q-15	3	2	1805594191
307	design	B	1vmg_A	A	mpnn_hyper	8	-3	1vmg_A_mpnn_hyper_q-3	3	2	238380423
308	design	B	1vmg_A	A	mpnn_hyper	16	4	1vmg_A_mpnn_hyper_q+4	3	2	1975394591
309	design	B	1vmg_A	A	mpnn_soluble	-16	-22	1vmg_A_mpnn_soluble_q-22	3	2	3076483145
310	design	B	1vmg_A	A	mpnn_soluble	-8	-15	1vmg_A_mpnn_soluble_q-15	3	2	1271297478
311	design	B	1vmg_A	A	mpnn_soluble	8	-3	1vmg_A_mpnn_soluble_q-3	3	2	3719480897
312	design	B	1vmg_A	A	mpnn_soluble	16	4	1vmg_A_mpnn_soluble_q+4	3	2	1235333164
313	design	B	1vmg_A	A	mpnn_soluble_hbond_protected	-16	-22	1vmg_A_mpnn_soluble_hbond_protected_q-22	3	2	3708811754
314	design	B	1vmg_A	A	mpnn_soluble_hbond_protected	-8	-15	1vmg_A_mpnn_soluble_hbond_protected_q-15	3	2	3410712466
315	design	B	1vmg_A	A	mpnn_soluble_hbond_protected	8	-3	1vmg_A_mpnn_soluble_hbond_protected_q-3	3	2	2790682735
316	design	B	1vmg_A	A	mpnn_soluble_hbond_protected	16	4	1vmg_A_mpnn_soluble_hbond_protected_q+4	3	2	2075172312
317	design	B	1vmg_A	A	mpnn_vanilla_weights	-16	-22	1vmg_A_mpnn_vanilla_weights_q-22	3	2	644042919
318	design	B	1vmg_A	A	mpnn_vanilla_weights	-8	-15	1vmg_A_mpnn_vanilla_weights_q-15	3	2	815551277
319	design	B	1vmg_A	A	mpnn_vanilla_weights	8	-3	1vmg_A_mpnn_vanilla_weights_q-3	3	2	3954415782
320	design	B	1vmg_A	A	mpnn_vanilla_weights	16	4	1vmg_A_mpnn_vanilla_weights_q+4	3	2	3553566816
321	design	B	1vmg_A	A	random_control	-16	-22	1vmg_A_random_control_q-22	3	2	195238904
322	design	B	1vmg_A	A	random_control	-8	-15	1vmg_A_random_control_q-15	3	2	3707042554
323	design	B	1vmg_A	A	random_control	8	-3	1vmg_A_random_control_q-3	3	2	940724305
324	design	B	1vmg_A	A	random_control	16	4	1vmg_A_random_control_q+4	3	2	1668032835
325	design	B	1vmg_A	A	rosetta	-16	-22	1vmg_A_rosetta_q-22	3	2	659836389
326	design	B	1vmg_A	A	rosetta	-8	-15	1vmg_A_rosetta_q-15	3	2	999599462
327	design	B	1vmg_A	A	rosetta	8	-3	1vmg_A_rosetta_q-3	3	2	2351968880
328	design	B	1vmg_A	A	rosetta	16	4	1vmg_A_rosetta_q+4	3	2	310923762
329	design	B	1vmg_A	A	rosetta_hbond_off	-16	-22	1vmg_A_rosetta_hbond_off_q-22	3	2	2627535384
330	design	B	1vmg_A	A	rosetta_hbond_off	-8	-15	1vmg_A_rosetta_hbond_off_q-15	3	2	1652065931
331	design	B	1vmg_A	A	rosetta_hbond_off	8	-3	1vmg_A_rosetta_hbond_off_q-3	3	2	4202081282
332	design	B	1vmg_A	A	rosetta_hbond_off	16	4	1vmg_A_rosetta_hbond_off_q+4	3	2	2669300387
333	design	B	2gux_A	A	avnapsa	-16	-22	2gux_A_avnapsa_q-22	3	2	1322263901
334	design	B	2gux_A	A	avnapsa	-8	-12	2gux_A_avnapsa_q-12	3	2	2004866901
335	design	B	2gux_A	A	avnapsa	8	8	2gux_A_avnapsa_q+8	3	2	1334149370
336	design	B	2gux_A	A	avnapsa	16	18	2gux_A_avnapsa_q+18	3	2	3565522423
337	design	B	2gux_A	A	mpnn_halo	-16	-22	2gux_A_mpnn_halo_q-22	3	2	1262745220
338	design	B	2gux_A	A	mpnn_halo	-8	-12	2gux_A_mpnn_halo_q-12	3	2	3756074783
339	design	B	2gux_A	A	mpnn_halo	8	8	2gux_A_mpnn_halo_q+8	3	2	2260939770
340	design	B	2gux_A	A	mpnn_halo	16	18	2gux_A_mpnn_halo_q+18	3	2	106709332
341	design	B	2gux_A	A	mpnn_hyper	-16	-22	2gux_A_mpnn_hyper_q-22	3	2	4260264006
342	design	B	2gux_A	A	mpnn_hyper	-8	-12	2gux_A_mpnn_hyper_q-12	3	2	2297735297
343	design	B	2gux_A	A	mpnn_hyper	8	8	2gux_A_mpnn_hyper_q+8	3	2	282833201
344	design	B	2gux_A	A	mpnn_hyper	16	18	2gux_A_mpnn_hyper_q+18	3	2	1923860423
345	design	B	2gux_A	A	mpnn_soluble	-16	-22	2gux_A_mpnn_soluble_q-22	3	2	1565998290
346	design	B	2gux_A	A	mpnn_soluble	-8	-12	2gux_A_mpnn_soluble_q-12	3	2	4252259996
347	design	B	2gux_A	A	mpnn_soluble	8	8	2gux_A_mpnn_soluble_q+8	3	2	285886081
348	design	B	2gux_A	A	mpnn_soluble	16	18	2gux_A_mpnn_soluble_q+18	3	2	1767444935
349	design	B	2gux_A	A	mpnn_vanilla_weights	-16	-22	2gux_A_mpnn_vanilla_weights_q-22	3	2	109651252
350	design	B	2gux_A	A	mpnn_vanilla_weights	-8	-12	2gux_A_mpnn_vanilla_weights_q-12	3	2	2052852902
351	design	B	2gux_A	A	mpnn_vanilla_weights	8	8	2gux_A_mpnn_vanilla_weights_q+8	3	2	3239930824
352	design	B	2gux_A	A	mpnn_vanilla_weights	16	18	2gux_A_mpnn_vanilla_weights_q+18	3	2	4062316539
353	design	B	2gux_A	A	random_control	-16	-22	2gux_A_random_control_q-22	3	2	1720883438
354	design	B	2gux_A	A	random_control	-8	-12	2gux_A_random_control_q-12	3	2	1966037183
355	design	B	2gux_A	A	random_control	8	8	2gux_A_random_control_q+8	3	2	4037689618
356	design	B	2gux_A	A	random_control	16	18	2gux_A_random_control_q+18	3	2	3439599246
357	design	B	2gux_A	A	rosetta	-16	-22	2gux_A_rosetta_q-22	3	2	2431004055
358	design	B	2gux_A	A	rosetta	-8	-12	2gux_A_rosetta_q-12	3	2	4204387073
359	design	B	2gux_A	A	rosetta	8	8	2gux_A_rosetta_q+8	3	2	2471804346
360	design	B	2gux_A	A	rosetta	16	18	2gux_A_rosetta_q+18	3	2	3596375994
361	design	B	2i7r_A	A	avnapsa	-16	-26	2i7r_A_avnapsa_q-26	3	2	3818799453
362	design	B	2i7r_A	A	avnapsa	-8	-17	2i7r_A_avnapsa_q-17	3	2	793281649
363	design	B	2i7r_A	A	avnapsa	8	1	2i7r_A_avnapsa_q+1	3	2	1501940056
364	design	B	2i7r_A	A	avnapsa	16	10	2i7r_A_avnapsa_q+10	3	2	2182674431
365	design	B	2i7r_A	A	mpnn_halo	-16	-26	2i7r_A_mpnn_halo_q-26	3	2	4214272840
366	design	B	2i7r_A	A	mpnn_halo	-8	-17	2i7r_A_mpnn_halo_q-17	3	2	2227871084
367	design	B	2i7r_A	A	mpnn_halo	8	1	2i7r_A_mpnn_halo_q+1	3	2	1719845147
368	design	B	2i7r_A	A	mpnn_halo	16	10	2i7r_A_mpnn_halo_q+10	3	2	496239830
369	design	B	2i7r_A	A	mpnn_hyper	-16	-26	2i7r_A_mpnn_hyper_q-26	3	2	4090523656
370	design	B	2i7r_A	A	mpnn_hyper	-8	-17	2i7r_A_mpnn_hyper_q-17	3	2	1995551855
371	design	B	2i7r_A	A	mpnn_hyper	8	1	2i7r_A_mpnn_hyper_q+1	3	2	1860319876
372	design	B	2i7r_A	A	mpnn_hyper	16	10	2i7r_A_mpnn_hyper_q+10	3	2	3476496283
373	design	B	2i7r_A	A	mpnn_soluble	-16	-26	2i7r_A_mpnn_soluble_q-26	3	2	1523219961
374	design	B	2i7r_A	A	mpnn_soluble	-8	-17	2i7r_A_mpnn_soluble_q-17	3	2	813962249
375	design	B	2i7r_A	A	mpnn_soluble	8	1	2i7r_A_mpnn_soluble_q+1	3	2	2282384182
376	design	B	2i7r_A	A	mpnn_soluble	16	10	2i7r_A_mpnn_soluble_q+10	3	2	2456395073
377	design	B	2i7r_A	A	mpnn_soluble_hbond_protected	-16	-26	2i7r_A_mpnn_soluble_hbond_protected_q-26	3	2	3452458477
378	design	B	2i7r_A	A	mpnn_soluble_hbond_protected	-8	-17	2i7r_A_mpnn_soluble_hbond_protected_q-17	3	2	1062455761
379	design	B	2i7r_A	A	mpnn_soluble_hbond_protected	8	1	2i7r_A_mpnn_soluble_hbond_protected_q+1	3	2	819703127
380	design	B	2i7r_A	A	mpnn_soluble_hbond_protected	16	10	2i7r_A_mpnn_soluble_hbond_protected_q+10	3	2	4012049371
381	design	B	2i7r_A	A	mpnn_vanilla_weights	-16	-26	2i7r_A_mpnn_vanilla_weights_q-26	3	2	1043102184
382	design	B	2i7r_A	A	mpnn_vanilla_weights	-8	-17	2i7r_A_mpnn_vanilla_weights_q-17	3	2	3040680626
383	design	B	2i7r_A	A	mpnn_vanilla_weights	8	1	2i7r_A_mpnn_vanilla_weights_q+1	3	2	184722286
384	design	B	2i7r_A	A	mpnn_vanilla_weights	16	10	2i7r_A_mpnn_vanilla_weights_q+10	3	2	1694862418
385	design	B	2i7r_A	A	random_control	-16	-26	2i7r_A_random_control_q-26	3	2	784816197
386	design	B	2i7r_A	A	random_control	-8	-17	2i7r_A_random_control_q-17	3	2	4030521972
387	design	B	2i7r_A	A	random_control	8	1	2i7r_A_random_control_q+1	3	2	3819276174
388	design	B	2i7r_A	A	random_control	16	10	2i7r_A_random_control_q+10	3	2	348139187
389	design	B	2i7r_A	A	rosetta	-16	-26	2i7r_A_rosetta_q-26	3	2	4274069028
390	design	B	2i7r_A	A	rosetta	-8	-17	2i7r_A_rosetta_q-17	3	2	282928034
391	design	B	2i7r_A	A	rosetta	8	1	2i7r_A_rosetta_q+1	3	2	76991467
392	design	B	2i7r_A	A	rosetta	16	10	2i7r_A_rosetta_q+10	3	2	2046853933
393	design	B	2i7r_A	A	rosetta_hbond_off	-16	-26	2i7r_A_rosetta_hbond_off_q-26	3	2	2379422897
394	design	B	2i7r_A	A	rosetta_hbond_off	-8	-17	2i7r_A_rosetta_hbond_off_q-17	3	2	2223303485
395	design	B	2i7r_A	A	rosetta_hbond_off	8	1	2i7r_A_rosetta_hbond_off_q+1	3	2	327482853
396	design	B	2i7r_A	A	rosetta_hbond_off	16	10	2i7r_A_rosetta_hbond_off_q+10	3	2	1557376690
397	design	B	2rfr_A	A	avnapsa	-16	-26	2rfr_A_avnapsa_q-26	3	2	1551273557
398	design	B	2rfr_A	A	avnapsa	-8	-14	2rfr_A_avnapsa_q-14	3	2	3255442173
399	design	B	2rfr_A	A	avnapsa	8	10	2rfr_A_avnapsa_q+10	3	2	883954289
400	design	B	2rfr_A	A	avnapsa	16	22	2rfr_A_avnapsa_q+22	3	2	3054257885
401	design	B	2rfr_A	A	mpnn_halo	-16	-26	2rfr_A_mpnn_halo_q-26	3	2	800992275
402	design	B	2rfr_A	A	mpnn_halo	-8	-14	2rfr_A_mpnn_halo_q-14	3	2	625272208
403	design	B	2rfr_A	A	mpnn_halo	8	10	2rfr_A_mpnn_halo_q+10	3	2	1784243144
404	design	B	2rfr_A	A	mpnn_halo	16	22	2rfr_A_mpnn_halo_q+22	3	2	2790322843
405	design	B	2rfr_A	A	mpnn_hyper	-16	-26	2rfr_A_mpnn_hyper_q-26	3	2	3602169679
406	design	B	2rfr_A	A	mpnn_hyper	-8	-14	2rfr_A_mpnn_hyper_q-14	3	2	2394791130
407	design	B	2rfr_A	A	mpnn_hyper	8	10	2rfr_A_mpnn_hyper_q+10	3	2	3006234323
408	design	B	2rfr_A	A	mpnn_hyper	16	22	2rfr_A_mpnn_hyper_q+22	3	2	1078877976
409	design	B	2rfr_A	A	mpnn_soluble	-16	-26	2rfr_A_mpnn_soluble_q-26	3	2	2171759051
410	design	B	2rfr_A	A	mpnn_soluble	-8	-14	2rfr_A_mpnn_soluble_q-14	3	2	1765001483
411	design	B	2rfr_A	A	mpnn_soluble	8	10	2rfr_A_mpnn_soluble_q+10	3	2	1653106391
412	design	B	2rfr_A	A	mpnn_soluble	16	22	2rfr_A_mpnn_soluble_q+22	3	2	324637955
413	design	B	2rfr_A	A	mpnn_vanilla_weights	-16	-26	2rfr_A_mpnn_vanilla_weights_q-26	3	2	1404159797
414	design	B	2rfr_A	A	mpnn_vanilla_weights	-8	-14	2rfr_A_mpnn_vanilla_weights_q-14	3	2	3176687123
415	design	B	2rfr_A	A	mpnn_vanilla_weights	8	10	2rfr_A_mpnn_vanilla_weights_q+10	3	2	3347107049
416	design	B	2rfr_A	A	mpnn_vanilla_weights	16	22	2rfr_A_mpnn_vanilla_weights_q+22	3	2	531608453
417	design	B	2rfr_A	A	random_control	-16	-26	2rfr_A_random_control_q-26	3	2	1431115503
418	design	B	2rfr_A	A	random_control	-8	-14	2rfr_A_random_control_q-14	3	2	297634903
419	design	B	2rfr_A	A	random_control	8	10	2rfr_A_random_control_q+10	3	2	2508586212
420	design	B	2rfr_A	A	random_control	16	22	2rfr_A_random_control_q+22	3	2	485686294
421	design	B	2rfr_A	A	rosetta	-16	-26	2rfr_A_rosetta_q-26	3	2	1132714604
422	design	B	2rfr_A	A	rosetta	-8	-14	2rfr_A_rosetta_q-14	3	2	900521353
423	design	B	2rfr_A	A	rosetta	8	10	2rfr_A_rosetta_q+10	3	2	2222275738
424	design	B	2rfr_A	A	rosetta	16	22	2rfr_A_rosetta_q+22	3	2	2658250263
425	design	B	2waw_A	A	avnapsa	-16	-39	2waw_A_avnapsa_q-39	3	2	2936968535
426	design	B	2waw_A	A	avnapsa	-8	-23	2waw_A_avnapsa_q-23	3	2	3735294972
427	design	B	2waw_A	A	avnapsa	8	9	2waw_A_avnapsa_q+9	3	2	3798363326
428	design	B	2waw_A	A	avnapsa	16	25	2waw_A_avnapsa_q+25	3	2	1142913975
429	design	B	2waw_A	A	mpnn_halo	-16	-39	2waw_A_mpnn_halo_q-39	3	2	2061328985
430	design	B	2waw_A	A	mpnn_halo	-8	-23	2waw_A_mpnn_halo_q-23	3	2	2056722127
431	design	B	2waw_A	A	mpnn_halo	8	9	2waw_A_mpnn_halo_q+9	3	2	2915791481
432	design	B	2waw_A	A	mpnn_halo	16	25	2waw_A_mpnn_halo_q+25	3	2	1113760148
433	design	B	2waw_A	A	mpnn_hyper	-16	-39	2waw_A_mpnn_hyper_q-39	3	2	2968854524
434	design	B	2waw_A	A	mpnn_hyper	-8	-23	2waw_A_mpnn_hyper_q-23	3	2	4084061171
435	design	B	2waw_A	A	mpnn_hyper	8	9	2waw_A_mpnn_hyper_q+9	3	2	2294810317
436	design	B	2waw_A	A	mpnn_hyper	16	25	2waw_A_mpnn_hyper_q+25	3	2	2601412326
437	design	B	2waw_A	A	mpnn_soluble	-16	-39	2waw_A_mpnn_soluble_q-39	3	2	2367150570
438	design	B	2waw_A	A	mpnn_soluble	-8	-23	2waw_A_mpnn_soluble_q-23	3	2	798638135
439	design	B	2waw_A	A	mpnn_soluble	8	9	2waw_A_mpnn_soluble_q+9	3	2	133634658
440	design	B	2waw_A	A	mpnn_soluble	16	25	2waw_A_mpnn_soluble_q+25	3	2	855193657
441	design	B	2waw_A	A	mpnn_vanilla_weights	-16	-39	2waw_A_mpnn_vanilla_weights_q-39	3	2	3314016644
442	design	B	2waw_A	A	mpnn_vanilla_weights	-8	-23	2waw_A_mpnn_vanilla_weights_q-23	3	2	1709724911
443	design	B	2waw_A	A	mpnn_vanilla_weights	8	9	2waw_A_mpnn_vanilla_weights_q+9	3	2	2232554790
444	design	B	2waw_A	A	mpnn_vanilla_weights	16	25	2waw_A_mpnn_vanilla_weights_q+25	3	2	2180134442
445	design	B	2waw_A	A	random_control	-16	-39	2waw_A_random_control_q-39	3	2	2763059380
446	design	B	2waw_A	A	random_control	-8	-23	2waw_A_random_control_q-23	3	2	772260564
447	design	B	2waw_A	A	random_control	8	9	2waw_A_random_control_q+9	3	2	1112358504
448	design	B	2waw_A	A	random_control	16	25	2waw_A_random_control_q+25	3	2	1146357232
449	design	B	2waw_A	A	rosetta	-16	-39	2waw_A_rosetta_q-39	3	2	988397940
450	design	B	2waw_A	A	rosetta	-8	-23	2waw_A_rosetta_q-23	3	2	828225193
451	design	B	2waw_A	A	rosetta	8	9	2waw_A_rosetta_q+9	3	2	4056065221
452	design	B	2waw_A	A	rosetta	16	25	2waw_A_rosetta_q+25	3	2	641924434
453	design	B	2yxh_A	A	avnapsa	-16	-26	2yxh_A_avnapsa_q-26	3	2	3361955246
454	design	B	2yxh_A	A	avnapsa	-8	-17	2yxh_A_avnapsa_q-17	3	2	65054681
455	design	B	2yxh_A	A	avnapsa	8	1	2yxh_A_avnapsa_q+1	3	2	4151409326
456	design	B	2yxh_A	A	avnapsa	16	10	2yxh_A_avnapsa_q+10	3	2	215663822
457	design	B	2yxh_A	A	mpnn_halo	-16	-26	2yxh_A_mpnn_halo_q-26	3	2	135460061
458	design	B	2yxh_A	A	mpnn_halo	-8	-17	2yxh_A_mpnn_halo_q-17	3	2	3362834136
459	design	B	2yxh_A	A	mpnn_halo	8	1	2yxh_A_mpnn_halo_q+1	3	2	3293478638
460	design	B	2yxh_A	A	mpnn_halo	16	10	2yxh_A_mpnn_halo_q+10	3	2	1295117953
461	design	B	2yxh_A	A	mpnn_hyper	-16	-26	2yxh_A_mpnn_hyper_q-26	3	2	3552007187
462	design	B	2yxh_A	A	mpnn_hyper	-8	-17	2yxh_A_mpnn_hyper_q-17	3	2	2259286229
463	design	B	2yxh_A	A	mpnn_hyper	8	1	2yxh_A_mpnn_hyper_q+1	3	2	2902330680
464	design	B	2yxh_A	A	mpnn_hyper	16	10	2yxh_A_mpnn_hyper_q+10	3	2	1990036223
465	design	B	2yxh_A	A	mpnn_soluble	-16	-26	2yxh_A_mpnn_soluble_q-26	3	2	2592834524
466	design	B	2yxh_A	A	mpnn_soluble	-8	-17	2yxh_A_mpnn_soluble_q-17	3	2	3582586184
467	design	B	2yxh_A	A	mpnn_soluble	8	1	2yxh_A_mpnn_soluble_q+1	3	2	3772321685
468	design	B	2yxh_A	A	mpnn_soluble	16	10	2yxh_A_mpnn_soluble_q+10	3	2	3404821339
469	design	B	2yxh_A	A	mpnn_vanilla_weights	-16	-26	2yxh_A_mpnn_vanilla_weights_q-26	3	2	3674320324
470	design	B	2yxh_A	A	mpnn_vanilla_weights	-8	-17	2yxh_A_mpnn_vanilla_weights_q-17	3	2	2040910435
471	design	B	2yxh_A	A	mpnn_vanilla_weights	8	1	2yxh_A_mpnn_vanilla_weights_q+1	3	2	1685345955
472	design	B	2yxh_A	A	mpnn_vanilla_weights	16	10	2yxh_A_mpnn_vanilla_weights_q+10	3	2	3113529148
473	design	B	2yxh_A	A	random_control	-16	-26	2yxh_A_random_control_q-26	3	2	1787034884
474	design	B	2yxh_A	A	random_control	-8	-17	2yxh_A_random_control_q-17	3	2	3736197860
475	design	B	2yxh_A	A	random_control	8	1	2yxh_A_random_control_q+1	3	2	1059523708
476	design	B	2yxh_A	A	random_control	16	10	2yxh_A_random_control_q+10	3	2	3519870901
477	design	B	2yxh_A	A	rosetta	-16	-26	2yxh_A_rosetta_q-26	3	2	1131507857
478	design	B	2yxh_A	A	rosetta	-8	-17	2yxh_A_rosetta_q-17	3	2	433554200
479	design	B	2yxh_A	A	rosetta	8	1	2yxh_A_rosetta_q+1	3	2	615253367
480	design	B	2yxh_A	A	rosetta	16	10	2yxh_A_rosetta_q+10	3	2	1594082526
481	design	B	3dm8_A	A	avnapsa	-16	-21	3dm8_A_avnapsa_q-21	3	2	2236499817
482	design	B	3dm8_A	A	avnapsa	-8	-10	3dm8_A_avnapsa_q-10	3	2	560267931
483	design	B	3dm8_A	A	avnapsa	8	12	3dm8_A_avnapsa_q+12	3	2	1897839254
484	design	B	3dm8_A	A	avnapsa	16	23	3dm8_A_avnapsa_q+23	3	2	106752631
485	design	B	3dm8_A	A	mpnn_halo	-16	-21	3dm8_A_mpnn_halo_q-21	3	2	353012033
486	design	B	3dm8_A	A	mpnn_halo	-8	-10	3dm8_A_mpnn_halo_q-10	3	2	251363804
487	design	B	3dm8_A	A	mpnn_halo	8	12	3dm8_A_mpnn_halo_q+12	3	2	882151926
488	design	B	3dm8_A	A	mpnn_halo	16	23	3dm8_A_mpnn_halo_q+23	3	2	1030991182
489	design	B	3dm8_A	A	mpnn_hyper	-16	-21	3dm8_A_mpnn_hyper_q-21	3	2	3289368817
490	design	B	3dm8_A	A	mpnn_hyper	-8	-10	3dm8_A_mpnn_hyper_q-10	3	2	300265991
491	design	B	3dm8_A	A	mpnn_hyper	8	12	3dm8_A_mpnn_hyper_q+12	3	2	2296812711
492	design	B	3dm8_A	A	mpnn_hyper	16	23	3dm8_A_mpnn_hyper_q+23	3	2	1415347009
493	design	B	3dm8_A	A	mpnn_soluble	-16	-21	3dm8_A_mpnn_soluble_q-21	3	2	1591856788
494	design	B	3dm8_A	A	mpnn_soluble	-8	-10	3dm8_A_mpnn_soluble_q-10	3	2	538959568
495	design	B	3dm8_A	A	mpnn_soluble	8	12	3dm8_A_mpnn_soluble_q+12	3	2	2352848908
496	design	B	3dm8_A	A	mpnn_soluble	16	23	3dm8_A_mpnn_soluble_q+23	3	2	2878964614
497	design	B	3dm8_A	A	mpnn_vanilla_weights	-16	-21	3dm8_A_mpnn_vanilla_weights_q-21	3	2	2872791723
498	design	B	3dm8_A	A	mpnn_vanilla_weights	-8	-10	3dm8_A_mpnn_vanilla_weights_q-10	3	2	385975573
499	design	B	3dm8_A	A	mpnn_vanilla_weights	8	12	3dm8_A_mpnn_vanilla_weights_q+12	3	2	185329953
500	design	B	3dm8_A	A	mpnn_vanilla_weights	16	23	3dm8_A_mpnn_vanilla_weights_q+23	3	2	3976915621
501	design	B	3dm8_A	A	random_control	-16	-21	3dm8_A_random_control_q-21	3	2	3176621751
502	design	B	3dm8_A	A	random_control	-8	-10	3dm8_A_random_control_q-10	3	2	3994741730
503	design	B	3dm8_A	A	random_control	8	12	3dm8_A_random_control_q+12	3	2	1590883661
504	design	B	3dm8_A	A	random_control	16	23	3dm8_A_random_control_q+23	3	2	1145024720
505	design	B	3dm8_A	A	rosetta	-16	-21	3dm8_A_rosetta_q-21	3	2	2730808274
506	design	B	3dm8_A	A	rosetta	-8	-10	3dm8_A_rosetta_q-10	3	2	523527203
507	design	B	3dm8_A	A	rosetta	8	12	3dm8_A_rosetta_q+12	3	2	2908252159
508	design	B	3dm8_A	A	rosetta	16	23	3dm8_A_rosetta_q+23	3	2	3521398230
509	design	B	3gv1_A	A	avnapsa	-16	-20	3gv1_A_avnapsa_q-20	3	2	3137597617
510	design	B	3gv1_A	A	avnapsa	-8	-10	3gv1_A_avnapsa_q-10	3	2	1547487895
511	design	B	3gv1_A	A	avnapsa	8	12	3gv1_A_avnapsa_q+12	3	2	1294915065
512	design	B	3gv1_A	A	avnapsa	16	22	3gv1_A_avnapsa_q+22	3	2	3140418347
513	design	B	3gv1_A	A	mpnn_halo	-16	-20	3gv1_A_mpnn_halo_q-20	3	2	1482600632
514	design	B	3gv1_A	A	mpnn_halo	-8	-10	3gv1_A_mpnn_halo_q-10	3	2	2174244629
515	design	B	3gv1_A	A	mpnn_halo	8	12	3gv1_A_mpnn_halo_q+12	3	2	1535673400
516	design	B	3gv1_A	A	mpnn_halo	16	22	3gv1_A_mpnn_halo_q+22	3	2	250238171
517	design	B	3gv1_A	A	mpnn_hyper	-16	-20	3gv1_A_mpnn_hyper_q-20	3	2	2161827072
518	design	B	3gv1_A	A	mpnn_hyper	-8	-10	3gv1_A_mpnn_hyper_q-10	3	2	4184394899
519	design	B	3gv1_A	A	mpnn_hyper	8	12	3gv1_A_mpnn_hyper_q+12	3	2	1722401007
520	design	B	3gv1_A	A	mpnn_hyper	16	22	3gv1_A_mpnn_hyper_q+22	3	2	3466182459
521	design	B	3gv1_A	A	mpnn_soluble	-16	-20	3gv1_A_mpnn_soluble_q-20	3	2	1330048226
522	design	B	3gv1_A	A	mpnn_soluble	-8	-10	3gv1_A_mpnn_soluble_q-10	3	2	1036651757
523	design	B	3gv1_A	A	mpnn_soluble	8	12	3gv1_A_mpnn_soluble_q+12	3	2	762798488
524	design	B	3gv1_A	A	mpnn_soluble	16	22	3gv1_A_mpnn_soluble_q+22	3	2	1408858819
525	design	B	3gv1_A	A	mpnn_vanilla_weights	-16	-20	3gv1_A_mpnn_vanilla_weights_q-20	3	2	1377812480
526	design	B	3gv1_A	A	mpnn_vanilla_weights	-8	-10	3gv1_A_mpnn_vanilla_weights_q-10	3	2	1041474387
527	design	B	3gv1_A	A	mpnn_vanilla_weights	8	12	3gv1_A_mpnn_vanilla_weights_q+12	3	2	2990690582
528	design	B	3gv1_A	A	mpnn_vanilla_weights	16	22	3gv1_A_mpnn_vanilla_weights_q+22	3	2	3941260013
529	design	B	3gv1_A	A	random_control	-16	-20	3gv1_A_random_control_q-20	3	2	3516464814
530	design	B	3gv1_A	A	random_control	-8	-10	3gv1_A_random_control_q-10	3	2	2300043790
531	design	B	3gv1_A	A	random_control	8	12	3gv1_A_random_control_q+12	3	2	2317644709
532	design	B	3gv1_A	A	random_control	16	22	3gv1_A_random_control_q+22	3	2	3448125255
533	design	B	3gv1_A	A	rosetta	-16	-20	3gv1_A_rosetta_q-20	3	2	1355044806
534	design	B	3gv1_A	A	rosetta	-8	-10	3gv1_A_rosetta_q-10	3	2	148072146
535	design	B	3gv1_A	A	rosetta	8	12	3gv1_A_rosetta_q+12	3	2	2600460425
536	design	B	3gv1_A	A	rosetta	16	22	3gv1_A_rosetta_q+22	3	2	1744042888
537	design	B	3iu6_A	A	avnapsa	-16	-29	3iu6_A_avnapsa_q-29	3	2	586021423
538	design	B	3iu6_A	A	avnapsa	-8	-17	3iu6_A_avnapsa_q-17	3	2	3592517670
539	design	B	3iu6_A	A	avnapsa	8	5	3iu6_A_avnapsa_q+5	3	2	3185910722
540	design	B	3iu6_A	A	avnapsa	16	17	3iu6_A_avnapsa_q+17	3	2	2543433447
541	design	B	3iu6_A	A	mpnn_halo	-16	-29	3iu6_A_mpnn_halo_q-29	3	2	3079483581
542	design	B	3iu6_A	A	mpnn_halo	-8	-17	3iu6_A_mpnn_halo_q-17	3	2	2057428758
543	design	B	3iu6_A	A	mpnn_halo	8	5	3iu6_A_mpnn_halo_q+5	3	2	1783476558
544	design	B	3iu6_A	A	mpnn_halo	16	17	3iu6_A_mpnn_halo_q+17	3	2	1056733013
545	design	B	3iu6_A	A	mpnn_hyper	-16	-29	3iu6_A_mpnn_hyper_q-29	3	2	2215023619
546	design	B	3iu6_A	A	mpnn_hyper	-8	-17	3iu6_A_mpnn_hyper_q-17	3	2	2762396474
547	design	B	3iu6_A	A	mpnn_hyper	8	5	3iu6_A_mpnn_hyper_q+5	3	2	4052921453
548	design	B	3iu6_A	A	mpnn_hyper	16	17	3iu6_A_mpnn_hyper_q+17	3	2	1617474676
549	design	B	3iu6_A	A	mpnn_soluble	-16	-29	3iu6_A_mpnn_soluble_q-29	3	2	913638856
550	design	B	3iu6_A	A	mpnn_soluble	-8	-17	3iu6_A_mpnn_soluble_q-17	3	2	1576520518
551	design	B	3iu6_A	A	mpnn_soluble	8	5	3iu6_A_mpnn_soluble_q+5	3	2	1380048381
552	design	B	3iu6_A	A	mpnn_soluble	16	17	3iu6_A_mpnn_soluble_q+17	3	2	262550857
553	design	B	3iu6_A	A	mpnn_vanilla_weights	-16	-29	3iu6_A_mpnn_vanilla_weights_q-29	3	2	4116813245
554	design	B	3iu6_A	A	mpnn_vanilla_weights	-8	-17	3iu6_A_mpnn_vanilla_weights_q-17	3	2	207702624
555	design	B	3iu6_A	A	mpnn_vanilla_weights	8	5	3iu6_A_mpnn_vanilla_weights_q+5	3	2	3031789733
556	design	B	3iu6_A	A	mpnn_vanilla_weights	16	17	3iu6_A_mpnn_vanilla_weights_q+17	3	2	3263178344
557	design	B	3iu6_A	A	random_control	-16	-29	3iu6_A_random_control_q-29	3	2	553161104
558	design	B	3iu6_A	A	random_control	-8	-17	3iu6_A_random_control_q-17	3	2	2887709746
559	design	B	3iu6_A	A	random_control	8	5	3iu6_A_random_control_q+5	3	2	3961465427
560	design	B	3iu6_A	A	random_control	16	17	3iu6_A_random_control_q+17	3	2	2290278610
561	design	B	3iu6_A	A	rosetta	-16	-29	3iu6_A_rosetta_q-29	3	2	2836288165
562	design	B	3iu6_A	A	rosetta	-8	-17	3iu6_A_rosetta_q-17	3	2	1974687130
563	design	B	3iu6_A	A	rosetta	8	5	3iu6_A_rosetta_q+5	3	2	1479268818
564	design	B	3iu6_A	A	rosetta	16	17	3iu6_A_rosetta_q+17	3	2	1435408376
565	design	B	3sjq_C	C	avnapsa	-16	1	3sjq_C_avnapsa_q+1	3	2	3423697545
566	design	B	3sjq_C	C	avnapsa	-8	8	3sjq_C_avnapsa_q+8	3	2	312084157
567	design	B	3sjq_C	C	avnapsa	8	20	3sjq_C_avnapsa_q+20	3	2	949756139
568	design	B	3sjq_C	C	avnapsa	16	27	3sjq_C_avnapsa_q+27	3	2	4092136235
569	design	B	3sjq_C	C	mpnn_halo	-16	1	3sjq_C_mpnn_halo_q+1	3	2	1128606045
570	design	B	3sjq_C	C	mpnn_halo	-8	8	3sjq_C_mpnn_halo_q+8	3	2	3089504406
571	design	B	3sjq_C	C	mpnn_halo	8	20	3sjq_C_mpnn_halo_q+20	3	2	1860343550
572	design	B	3sjq_C	C	mpnn_halo	16	27	3sjq_C_mpnn_halo_q+27	3	2	531188778
573	design	B	3sjq_C	C	mpnn_hyper	-16	1	3sjq_C_mpnn_hyper_q+1	3	2	1411065619
574	design	B	3sjq_C	C	mpnn_hyper	-8	8	3sjq_C_mpnn_hyper_q+8	3	2	1785149426
575	design	B	3sjq_C	C	mpnn_hyper	8	20	3sjq_C_mpnn_hyper_q+20	3	2	1768536420
576	design	B	3sjq_C	C	mpnn_hyper	16	27	3sjq_C_mpnn_hyper_q+27	3	2	3457905466
577	design	B	3sjq_C	C	mpnn_soluble	-16	1	3sjq_C_mpnn_soluble_q+1	3	2	4143808915
578	design	B	3sjq_C	C	mpnn_soluble	-8	8	3sjq_C_mpnn_soluble_q+8	3	2	3953261277
579	design	B	3sjq_C	C	mpnn_soluble	8	20	3sjq_C_mpnn_soluble_q+20	3	2	2780513513
580	design	B	3sjq_C	C	mpnn_soluble	16	27	3sjq_C_mpnn_soluble_q+27	3	2	3365992742
581	design	B	3sjq_C	C	mpnn_vanilla_weights	-16	1	3sjq_C_mpnn_vanilla_weights_q+1	3	2	2558500066
582	design	B	3sjq_C	C	mpnn_vanilla_weights	-8	8	3sjq_C_mpnn_vanilla_weights_q+8	3	2	3421178626
583	design	B	3sjq_C	C	mpnn_vanilla_weights	8	20	3sjq_C_mpnn_vanilla_weights_q+20	3	2	1510188351
584	design	B	3sjq_C	C	mpnn_vanilla_weights	16	27	3sjq_C_mpnn_vanilla_weights_q+27	3	2	3551386781
585	design	B	3sjq_C	C	random_control	-16	1	3sjq_C_random_control_q+1	3	2	311893605
586	design	B	3sjq_C	C	random_control	-8	8	3sjq_C_random_control_q+8	3	2	1965355130
587	design	B	3sjq_C	C	random_control	8	20	3sjq_C_random_control_q+20	3	2	3467414270
588	design	B	3sjq_C	C	random_control	16	27	3sjq_C_random_control_q+27	3	2	3504073211
589	design	B	3sjq_C	C	rosetta	-16	1	3sjq_C_rosetta_q+1	3	2	4071660195
590	design	B	3sjq_C	C	rosetta	-8	8	3sjq_C_rosetta_q+8	3	2	4198075939
591	design	B	3sjq_C	C	rosetta	8	20	3sjq_C_rosetta_q+20	3	2	1783431438
592	design	B	3sjq_C	C	rosetta	16	27	3sjq_C_rosetta_q+27	3	2	1720307055
593	design	B	3vjf_A	A	avnapsa	-16	-20	3vjf_A_avnapsa_q-20	3	2	1638118764
594	design	B	3vjf_A	A	avnapsa	-8	-12	3vjf_A_avnapsa_q-12	3	2	762241782
595	design	B	3vjf_A	A	avnapsa	8	2	3vjf_A_avnapsa_q+2	3	2	1806009596
596	design	B	3vjf_A	A	avnapsa	16	10	3vjf_A_avnapsa_q+10	3	2	1064741517
597	design	B	3vjf_A	A	mpnn_halo	-16	-20	3vjf_A_mpnn_halo_q-20	3	2	374352192
598	design	B	3vjf_A	A	mpnn_halo	-8	-12	3vjf_A_mpnn_halo_q-12	3	2	1923676975
599	design	B	3vjf_A	A	mpnn_halo	8	2	3vjf_A_mpnn_halo_q+2	3	2	2551304622
600	design	B	3vjf_A	A	mpnn_halo	16	10	3vjf_A_mpnn_halo_q+10	3	2	3339564480
601	design	B	3vjf_A	A	mpnn_hyper	-16	-20	3vjf_A_mpnn_hyper_q-20	3	2	3312651876
602	design	B	3vjf_A	A	mpnn_hyper	-8	-12	3vjf_A_mpnn_hyper_q-12	3	2	1030543003
603	design	B	3vjf_A	A	mpnn_hyper	8	2	3vjf_A_mpnn_hyper_q+2	3	2	3760218378
604	design	B	3vjf_A	A	mpnn_hyper	16	10	3vjf_A_mpnn_hyper_q+10	3	2	2708731829
605	design	B	3vjf_A	A	mpnn_soluble	-16	-20	3vjf_A_mpnn_soluble_q-20	3	2	3832443249
606	design	B	3vjf_A	A	mpnn_soluble	-8	-12	3vjf_A_mpnn_soluble_q-12	3	2	3262071521
607	design	B	3vjf_A	A	mpnn_soluble	8	2	3vjf_A_mpnn_soluble_q+2	3	2	48548584
608	design	B	3vjf_A	A	mpnn_soluble	16	10	3vjf_A_mpnn_soluble_q+10	3	2	2477410098
609	design	B	3vjf_A	A	mpnn_vanilla_weights	-16	-20	3vjf_A_mpnn_vanilla_weights_q-20	3	2	3328264264
610	design	B	3vjf_A	A	mpnn_vanilla_weights	-8	-12	3vjf_A_mpnn_vanilla_weights_q-12	3	2	3249130775
611	design	B	3vjf_A	A	mpnn_vanilla_weights	8	2	3vjf_A_mpnn_vanilla_weights_q+2	3	2	1165001082
612	design	B	3vjf_A	A	mpnn_vanilla_weights	16	10	3vjf_A_mpnn_vanilla_weights_q+10	3	2	2283633345
613	design	B	3vjf_A	A	random_control	-16	-20	3vjf_A_random_control_q-20	3	2	795788014
614	design	B	3vjf_A	A	random_control	-8	-12	3vjf_A_random_control_q-12	3	2	3539973915
615	design	B	3vjf_A	A	random_control	8	2	3vjf_A_random_control_q+2	3	2	2607965953
616	design	B	3vjf_A	A	random_control	16	10	3vjf_A_random_control_q+10	3	2	820339821
617	design	B	3vjf_A	A	rosetta	-16	-20	3vjf_A_rosetta_q-20	3	2	3098371229
618	design	B	3vjf_A	A	rosetta	-8	-12	3vjf_A_rosetta_q-12	3	2	3820219316
619	design	B	3vjf_A	A	rosetta	8	2	3vjf_A_rosetta_q+2	3	2	444762752
620	design	B	3vjf_A	A	rosetta	16	10	3vjf_A_rosetta_q+10	3	2	697689807
621	design	B	3vto_Q	Q	avnapsa	-16	-16	3vto_Q_avnapsa_q-16	3	2	541443535
622	design	B	3vto_Q	Q	avnapsa	-8	-8	3vto_Q_avnapsa_q-8	3	2	2725324367
623	design	B	3vto_Q	Q	avnapsa	8	10	3vto_Q_avnapsa_q+10	3	2	2976750188
624	design	B	3vto_Q	Q	avnapsa	16	18	3vto_Q_avnapsa_q+18	3	2	938953399
625	design	B	3vto_Q	Q	mpnn_halo	-16	-16	3vto_Q_mpnn_halo_q-16	3	2	1144564763
626	design	B	3vto_Q	Q	mpnn_halo	-8	-8	3vto_Q_mpnn_halo_q-8	3	2	647041829
627	design	B	3vto_Q	Q	mpnn_halo	8	10	3vto_Q_mpnn_halo_q+10	3	2	1585487895
628	design	B	3vto_Q	Q	mpnn_halo	16	18	3vto_Q_mpnn_halo_q+18	3	2	1646256916
629	design	B	3vto_Q	Q	mpnn_hyper	-16	-16	3vto_Q_mpnn_hyper_q-16	3	2	302338432
630	design	B	3vto_Q	Q	mpnn_hyper	-8	-8	3vto_Q_mpnn_hyper_q-8	3	2	791348053
631	design	B	3vto_Q	Q	mpnn_hyper	8	10	3vto_Q_mpnn_hyper_q+10	3	2	2177984580
632	design	B	3vto_Q	Q	mpnn_hyper	16	18	3vto_Q_mpnn_hyper_q+18	3	2	2153661659
633	design	B	3vto_Q	Q	mpnn_soluble	-16	-16	3vto_Q_mpnn_soluble_q-16	3	2	1537113121
634	design	B	3vto_Q	Q	mpnn_soluble	-8	-8	3vto_Q_mpnn_soluble_q-8	3	2	1240080339
635	design	B	3vto_Q	Q	mpnn_soluble	8	10	3vto_Q_mpnn_soluble_q+10	3	2	3050561970
636	design	B	3vto_Q	Q	mpnn_soluble	16	18	3vto_Q_mpnn_soluble_q+18	3	2	1329276033
637	design	B	3vto_Q	Q	mpnn_vanilla_weights	-16	-16	3vto_Q_mpnn_vanilla_weights_q-16	3	2	2345388401
638	design	B	3vto_Q	Q	mpnn_vanilla_weights	-8	-8	3vto_Q_mpnn_vanilla_weights_q-8	3	2	15829563
639	design	B	3vto_Q	Q	mpnn_vanilla_weights	8	10	3vto_Q_mpnn_vanilla_weights_q+10	3	2	2036341988
640	design	B	3vto_Q	Q	mpnn_vanilla_weights	16	18	3vto_Q_mpnn_vanilla_weights_q+18	3	2	3842712405
641	design	B	3vto_Q	Q	random_control	-16	-16	3vto_Q_random_control_q-16	3	2	3626480747
642	design	B	3vto_Q	Q	random_control	-8	-8	3vto_Q_random_control_q-8	3	2	3370693411
643	design	B	3vto_Q	Q	random_control	8	10	3vto_Q_random_control_q+10	3	2	3662006605
644	design	B	3vto_Q	Q	random_control	16	18	3vto_Q_random_control_q+18	3	2	4090739140
645	design	B	3vto_Q	Q	rosetta	-16	-16	3vto_Q_rosetta_q-16	3	2	1379400253
646	design	B	3vto_Q	Q	rosetta	-8	-8	3vto_Q_rosetta_q-8	3	2	1898580341
647	design	B	3vto_Q	Q	rosetta	8	10	3vto_Q_rosetta_q+10	3	2	2063821709
648	design	B	3vto_Q	Q	rosetta	16	18	3vto_Q_rosetta_q+18	3	2	800817058
649	design	B	4agh_A	A	avnapsa	-16	-13	4agh_A_avnapsa_q-13	3	2	982145940
650	design	B	4agh_A	A	avnapsa	-8	-6	4agh_A_avnapsa_q-6	3	2	1917682213
651	design	B	4agh_A	A	avnapsa	8	6	4agh_A_avnapsa_q+6	3	2	3222848562
652	design	B	4agh_A	A	avnapsa	16	13	4agh_A_avnapsa_q+13	3	2	3354615031
653	design	B	4agh_A	A	mpnn_halo	-16	-13	4agh_A_mpnn_halo_q-13	3	2	3320328615
654	design	B	4agh_A	A	mpnn_halo	-8	-6	4agh_A_mpnn_halo_q-6	3	2	2611279690
655	design	B	4agh_A	A	mpnn_halo	8	6	4agh_A_mpnn_halo_q+6	3	2	4220290292
656	design	B	4agh_A	A	mpnn_halo	16	13	4agh_A_mpnn_halo_q+13	3	2	4256897084
657	design	B	4agh_A	A	mpnn_hyper	-16	-13	4agh_A_mpnn_hyper_q-13	3	2	2178055986
658	design	B	4agh_A	A	mpnn_hyper	-8	-6	4agh_A_mpnn_hyper_q-6	3	2	1826357871
659	design	B	4agh_A	A	mpnn_hyper	8	6	4agh_A_mpnn_hyper_q+6	3	2	3707792209
660	design	B	4agh_A	A	mpnn_hyper	16	13	4agh_A_mpnn_hyper_q+13	3	2	2812547458
661	design	B	4agh_A	A	mpnn_soluble	-16	-13	4agh_A_mpnn_soluble_q-13	3	2	1214380011
662	design	B	4agh_A	A	mpnn_soluble	-8	-6	4agh_A_mpnn_soluble_q-6	3	2	1309159896
663	design	B	4agh_A	A	mpnn_soluble	8	6	4agh_A_mpnn_soluble_q+6	3	2	728071526
664	design	B	4agh_A	A	mpnn_soluble	16	13	4agh_A_mpnn_soluble_q+13	3	2	2369149480
665	design	B	4agh_A	A	mpnn_vanilla_weights	-16	-13	4agh_A_mpnn_vanilla_weights_q-13	3	2	4091468822
666	design	B	4agh_A	A	mpnn_vanilla_weights	-8	-6	4agh_A_mpnn_vanilla_weights_q-6	3	2	1467100445
667	design	B	4agh_A	A	mpnn_vanilla_weights	8	6	4agh_A_mpnn_vanilla_weights_q+6	3	2	1969162776
668	design	B	4agh_A	A	mpnn_vanilla_weights	16	13	4agh_A_mpnn_vanilla_weights_q+13	3	2	764593247
669	design	B	4agh_A	A	random_control	-16	-13	4agh_A_random_control_q-13	3	2	1693232597
670	design	B	4agh_A	A	random_control	-8	-6	4agh_A_random_control_q-6	3	2	3990532314
671	design	B	4agh_A	A	random_control	8	6	4agh_A_random_control_q+6	3	2	3979581525
672	design	B	4agh_A	A	random_control	16	13	4agh_A_random_control_q+13	3	2	3960090491
673	design	B	4agh_A	A	rosetta	-16	-13	4agh_A_rosetta_q-13	3	2	1256335793
674	design	B	4agh_A	A	rosetta	-8	-6	4agh_A_rosetta_q-6	3	2	1770064415
675	design	B	4agh_A	A	rosetta	8	6	4agh_A_rosetta_q+6	3	2	1196146387
676	design	B	4agh_A	A	rosetta	16	13	4agh_A_rosetta_q+13	3	2	1386495033
677	design	B	4cq4_B	B	avnapsa	-16	-21	4cq4_B_avnapsa_q-21	3	2	3616102992
678	design	B	4cq4_B	B	avnapsa	-8	-13	4cq4_B_avnapsa_q-13	3	2	3818608127
679	design	B	4cq4_B	B	avnapsa	8	3	4cq4_B_avnapsa_q+3	3	2	4292452476
680	design	B	4cq4_B	B	avnapsa	16	11	4cq4_B_avnapsa_q+11	3	2	1654292939
681	design	B	4cq4_B	B	mpnn_halo	-16	-21	4cq4_B_mpnn_halo_q-21	3	2	2181790270
682	design	B	4cq4_B	B	mpnn_halo	-8	-13	4cq4_B_mpnn_halo_q-13	3	2	768891198
683	design	B	4cq4_B	B	mpnn_halo	8	3	4cq4_B_mpnn_halo_q+3	3	2	4217437530
684	design	B	4cq4_B	B	mpnn_halo	16	11	4cq4_B_mpnn_halo_q+11	3	2	3414424283
685	design	B	4cq4_B	B	mpnn_hyper	-16	-21	4cq4_B_mpnn_hyper_q-21	3	2	1567382597
686	design	B	4cq4_B	B	mpnn_hyper	-8	-13	4cq4_B_mpnn_hyper_q-13	3	2	3794253893
687	design	B	4cq4_B	B	mpnn_hyper	8	3	4cq4_B_mpnn_hyper_q+3	3	2	1006023912
688	design	B	4cq4_B	B	mpnn_hyper	16	11	4cq4_B_mpnn_hyper_q+11	3	2	157205459
689	design	B	4cq4_B	B	mpnn_soluble	-16	-21	4cq4_B_mpnn_soluble_q-21	3	2	2780390776
690	design	B	4cq4_B	B	mpnn_soluble	-8	-13	4cq4_B_mpnn_soluble_q-13	3	2	4187199630
691	design	B	4cq4_B	B	mpnn_soluble	8	3	4cq4_B_mpnn_soluble_q+3	3	2	2941570398
692	design	B	4cq4_B	B	mpnn_soluble	16	11	4cq4_B_mpnn_soluble_q+11	3	2	2115933758
693	design	B	4cq4_B	B	mpnn_vanilla_weights	-16	-21	4cq4_B_mpnn_vanilla_weights_q-21	3	2	1754319397
694	design	B	4cq4_B	B	mpnn_vanilla_weights	-8	-13	4cq4_B_mpnn_vanilla_weights_q-13	3	2	3822015847
695	design	B	4cq4_B	B	mpnn_vanilla_weights	8	3	4cq4_B_mpnn_vanilla_weights_q+3	3	2	3223768380
696	design	B	4cq4_B	B	mpnn_vanilla_weights	16	11	4cq4_B_mpnn_vanilla_weights_q+11	3	2	3630566722
697	design	B	4cq4_B	B	random_control	-16	-21	4cq4_B_random_control_q-21	3	2	1334493537
698	design	B	4cq4_B	B	random_control	-8	-13	4cq4_B_random_control_q-13	3	2	2095021974
699	design	B	4cq4_B	B	random_control	8	3	4cq4_B_random_control_q+3	3	2	2118851193
700	design	B	4cq4_B	B	random_control	16	11	4cq4_B_random_control_q+11	3	2	1864328534
701	design	B	4cq4_B	B	rosetta	-16	-21	4cq4_B_rosetta_q-21	3	2	997892581
702	design	B	4cq4_B	B	rosetta	-8	-13	4cq4_B_rosetta_q-13	3	2	2720543961
703	design	B	4cq4_B	B	rosetta	8	3	4cq4_B_rosetta_q+3	3	2	4267436371
704	design	B	4cq4_B	B	rosetta	16	11	4cq4_B_rosetta_q+11	3	2	3287060213
705	design	B	4lws_B	B	avnapsa	-16	-20	4lws_B_avnapsa_q-20	3	2	3964210399
706	design	B	4lws_B	B	avnapsa	-8	-13	4lws_B_avnapsa_q-13	3	2	3953150555
707	design	B	4lws_B	B	avnapsa	8	1	4lws_B_avnapsa_q+1	3	2	1386355337
708	design	B	4lws_B	B	avnapsa	16	8	4lws_B_avnapsa_q+8	3	2	3978598168
709	design	B	4lws_B	B	mpnn_halo	-16	-20	4lws_B_mpnn_halo_q-20	3	2	1659441554
710	design	B	4lws_B	B	mpnn_halo	-8	-13	4lws_B_mpnn_halo_q-13	3	2	2793112273
711	design	B	4lws_B	B	mpnn_halo	8	1	4lws_B_mpnn_halo_q+1	3	2	889620890
712	design	B	4lws_B	B	mpnn_halo	16	8	4lws_B_mpnn_halo_q+8	3	2	3719966492
713	design	B	4lws_B	B	mpnn_hyper	-16	-20	4lws_B_mpnn_hyper_q-20	3	2	2939982204
714	design	B	4lws_B	B	mpnn_hyper	-8	-13	4lws_B_mpnn_hyper_q-13	3	2	2324570066
715	design	B	4lws_B	B	mpnn_hyper	8	1	4lws_B_mpnn_hyper_q+1	3	2	2108756596
716	design	B	4lws_B	B	mpnn_hyper	16	8	4lws_B_mpnn_hyper_q+8	3	2	2192988015
717	design	B	4lws_B	B	mpnn_soluble	-16	-20	4lws_B_mpnn_soluble_q-20	3	2	3348121334
718	design	B	4lws_B	B	mpnn_soluble	-8	-13	4lws_B_mpnn_soluble_q-13	3	2	3613615931
719	design	B	4lws_B	B	mpnn_soluble	8	1	4lws_B_mpnn_soluble_q+1	3	2	3838028197
720	design	B	4lws_B	B	mpnn_soluble	16	8	4lws_B_mpnn_soluble_q+8	3	2	1685658469
721	design	B	4lws_B	B	mpnn_vanilla_weights	-16	-20	4lws_B_mpnn_vanilla_weights_q-20	3	2	2669277553
722	design	B	4lws_B	B	mpnn_vanilla_weights	-8	-13	4lws_B_mpnn_vanilla_weights_q-13	3	2	1571457403
723	design	B	4lws_B	B	mpnn_vanilla_weights	8	1	4lws_B_mpnn_vanilla_weights_q+1	3	2	2027838233
724	design	B	4lws_B	B	mpnn_vanilla_weights	16	8	4lws_B_mpnn_vanilla_weights_q+8	3	2	2844174496
725	design	B	4lws_B	B	random_control	-16	-20	4lws_B_random_control_q-20	3	2	146054431
726	design	B	4lws_B	B	random_control	-8	-13	4lws_B_random_control_q-13	3	2	2847650483
727	design	B	4lws_B	B	random_control	8	1	4lws_B_random_control_q+1	3	2	105149431
728	design	B	4lws_B	B	random_control	16	8	4lws_B_random_control_q+8	3	2	3308870928
729	design	B	4lws_B	B	rosetta	-16	-20	4lws_B_rosetta_q-20	3	2	919841334
730	design	B	4lws_B	B	rosetta	-8	-13	4lws_B_rosetta_q-13	3	2	2651999458
731	design	B	4lws_B	B	rosetta	8	1	4lws_B_rosetta_q+1	3	2	3089159052
732	design	B	4lws_B	B	rosetta	16	8	4lws_B_rosetta_q+8	3	2	643351191
733	design	B	4o32_C	C	avnapsa	-16	-5	4o32_C_avnapsa_q-5	3	2	2732086614
734	design	B	4o32_C	C	avnapsa	-8	3	4o32_C_avnapsa_q+3	3	2	3061973685
735	design	B	4o32_C	C	avnapsa	8	17	4o32_C_avnapsa_q+17	3	2	905510881
736	design	B	4o32_C	C	avnapsa	16	25	4o32_C_avnapsa_q+25	3	2	2007263034
737	design	B	4o32_C	C	mpnn_halo	-16	-5	4o32_C_mpnn_halo_q-5	3	2	2224983552
738	design	B	4o32_C	C	mpnn_halo	-8	3	4o32_C_mpnn_halo_q+3	3	2	2542387696
739	design	B	4o32_C	C	mpnn_halo	8	17	4o32_C_mpnn_halo_q+17	3	2	1717510054
740	design	B	4o32_C	C	mpnn_halo	16	25	4o32_C_mpnn_halo_q+25	3	2	927528091
741	design	B	4o32_C	C	mpnn_hyper	-16	-5	4o32_C_mpnn_hyper_q-5	3	2	115874942
742	design	B	4o32_C	C	mpnn_hyper	-8	3	4o32_C_mpnn_hyper_q+3	3	2	112328098
743	design	B	4o32_C	C	mpnn_hyper	8	17	4o32_C_mpnn_hyper_q+17	3	2	1329299536
744	design	B	4o32_C	C	mpnn_hyper	16	25	4o32_C_mpnn_hyper_q+25	3	2	3826539863
745	design	B	4o32_C	C	mpnn_soluble	-16	-5	4o32_C_mpnn_soluble_q-5	3	2	3123412074
746	design	B	4o32_C	C	mpnn_soluble	-8	3	4o32_C_mpnn_soluble_q+3	3	2	2743800171
747	design	B	4o32_C	C	mpnn_soluble	8	17	4o32_C_mpnn_soluble_q+17	3	2	465819976
748	design	B	4o32_C	C	mpnn_soluble	16	25	4o32_C_mpnn_soluble_q+25	3	2	3910839503
749	design	B	4o32_C	C	mpnn_vanilla_weights	-16	-5	4o32_C_mpnn_vanilla_weights_q-5	3	2	2143388303
750	design	B	4o32_C	C	mpnn_vanilla_weights	-8	3	4o32_C_mpnn_vanilla_weights_q+3	3	2	1343243155
751	design	B	4o32_C	C	mpnn_vanilla_weights	8	17	4o32_C_mpnn_vanilla_weights_q+17	3	2	439792551
752	design	B	4o32_C	C	mpnn_vanilla_weights	16	25	4o32_C_mpnn_vanilla_weights_q+25	3	2	1814582039
753	design	B	4o32_C	C	random_control	-16	-5	4o32_C_random_control_q-5	3	2	1109846996
754	design	B	4o32_C	C	random_control	-8	3	4o32_C_random_control_q+3	3	2	4026285306
755	design	B	4o32_C	C	random_control	8	17	4o32_C_random_control_q+17	3	2	1687835901
756	design	B	4o32_C	C	random_control	16	25	4o32_C_random_control_q+25	3	2	2579772171
757	design	B	4o32_C	C	rosetta	-16	-5	4o32_C_rosetta_q-5	3	2	41615997
758	design	B	4o32_C	C	rosetta	-8	3	4o32_C_rosetta_q+3	3	2	2602372263
759	design	B	4o32_C	C	rosetta	8	17	4o32_C_rosetta_q+17	3	2	123238753
760	design	B	4o32_C	C	rosetta	16	25	4o32_C_rosetta_q+25	3	2	14840935
761	design	B	4oeb_A	A	avnapsa	-16	-23	4oeb_A_avnapsa_q-23	3	2	3319636561
762	design	B	4oeb_A	A	avnapsa	-8	-13	4oeb_A_avnapsa_q-13	3	2	2756709297
763	design	B	4oeb_A	A	avnapsa	8	9	4oeb_A_avnapsa_q+9	3	2	1659887308
764	design	B	4oeb_A	A	avnapsa	16	19	4oeb_A_avnapsa_q+19	3	2	1152293404
765	design	B	4oeb_A	A	mpnn_halo	-16	-23	4oeb_A_mpnn_halo_q-23	3	2	1329623260
766	design	B	4oeb_A	A	mpnn_halo	-8	-13	4oeb_A_mpnn_halo_q-13	3	2	2736246111
767	design	B	4oeb_A	A	mpnn_halo	8	9	4oeb_A_mpnn_halo_q+9	3	2	4220519628
768	design	B	4oeb_A	A	mpnn_halo	16	19	4oeb_A_mpnn_halo_q+19	3	2	1425029011
769	design	B	4oeb_A	A	mpnn_hyper	-16	-23	4oeb_A_mpnn_hyper_q-23	3	2	1015629222
770	design	B	4oeb_A	A	mpnn_hyper	-8	-13	4oeb_A_mpnn_hyper_q-13	3	2	949402262
771	design	B	4oeb_A	A	mpnn_hyper	8	9	4oeb_A_mpnn_hyper_q+9	3	2	178097127
772	design	B	4oeb_A	A	mpnn_hyper	16	19	4oeb_A_mpnn_hyper_q+19	3	2	870239478
773	design	B	4oeb_A	A	mpnn_soluble	-16	-23	4oeb_A_mpnn_soluble_q-23	3	2	1958029405
774	design	B	4oeb_A	A	mpnn_soluble	-8	-13	4oeb_A_mpnn_soluble_q-13	3	2	4067834499
775	design	B	4oeb_A	A	mpnn_soluble	8	9	4oeb_A_mpnn_soluble_q+9	3	2	3458382201
776	design	B	4oeb_A	A	mpnn_soluble	16	19	4oeb_A_mpnn_soluble_q+19	3	2	3282079
777	design	B	4oeb_A	A	mpnn_vanilla_weights	-16	-23	4oeb_A_mpnn_vanilla_weights_q-23	3	2	702899156
778	design	B	4oeb_A	A	mpnn_vanilla_weights	-8	-13	4oeb_A_mpnn_vanilla_weights_q-13	3	2	1779251148
779	design	B	4oeb_A	A	mpnn_vanilla_weights	8	9	4oeb_A_mpnn_vanilla_weights_q+9	3	2	1286841151
780	design	B	4oeb_A	A	mpnn_vanilla_weights	16	19	4oeb_A_mpnn_vanilla_weights_q+19	3	2	3996744467
781	design	B	4oeb_A	A	random_control	-16	-23	4oeb_A_random_control_q-23	3	2	3247902786
782	design	B	4oeb_A	A	random_control	-8	-13	4oeb_A_random_control_q-13	3	2	1300887232
783	design	B	4oeb_A	A	random_control	8	9	4oeb_A_random_control_q+9	3	2	3097324035
784	design	B	4oeb_A	A	random_control	16	19	4oeb_A_random_control_q+19	3	2	2990816617
785	design	B	4oeb_A	A	rosetta	-16	-23	4oeb_A_rosetta_q-23	3	2	1670259400
786	design	B	4oeb_A	A	rosetta	-8	-13	4oeb_A_rosetta_q-13	3	2	111338552
787	design	B	4oeb_A	A	rosetta	8	9	4oeb_A_rosetta_q+9	3	2	3179221496
788	design	B	4oeb_A	A	rosetta	16	19	4oeb_A_rosetta_q+19	3	2	11388498
789	design	B	4pif_A	A	avnapsa	-16	-22	4pif_A_avnapsa_q-22	3	2	931696636
790	design	B	4pif_A	A	avnapsa	-8	-11	4pif_A_avnapsa_q-11	3	2	338103258
791	design	B	4pif_A	A	avnapsa	8	11	4pif_A_avnapsa_q+11	3	2	3465615108
792	design	B	4pif_A	A	avnapsa	16	22	4pif_A_avnapsa_q+22	3	2	334206013
793	design	B	4pif_A	A	mpnn_halo	-16	-22	4pif_A_mpnn_halo_q-22	3	2	2127427960
794	design	B	4pif_A	A	mpnn_halo	-8	-11	4pif_A_mpnn_halo_q-11	3	2	400034817
795	design	B	4pif_A	A	mpnn_halo	8	11	4pif_A_mpnn_halo_q+11	3	2	1765258119
796	design	B	4pif_A	A	mpnn_halo	16	22	4pif_A_mpnn_halo_q+22	3	2	1176080361
797	design	B	4pif_A	A	mpnn_hyper	-16	-22	4pif_A_mpnn_hyper_q-22	3	2	2719427466
798	design	B	4pif_A	A	mpnn_hyper	-8	-11	4pif_A_mpnn_hyper_q-11	3	2	4037256050
799	design	B	4pif_A	A	mpnn_hyper	8	11	4pif_A_mpnn_hyper_q+11	3	2	2096885417
800	design	B	4pif_A	A	mpnn_hyper	16	22	4pif_A_mpnn_hyper_q+22	3	2	1718161903
801	design	B	4pif_A	A	mpnn_soluble	-16	-22	4pif_A_mpnn_soluble_q-22	3	2	1027020361
802	design	B	4pif_A	A	mpnn_soluble	-8	-11	4pif_A_mpnn_soluble_q-11	3	2	343946342
803	design	B	4pif_A	A	mpnn_soluble	8	11	4pif_A_mpnn_soluble_q+11	3	2	1358738568
804	design	B	4pif_A	A	mpnn_soluble	16	22	4pif_A_mpnn_soluble_q+22	3	2	3407462008
805	design	B	4pif_A	A	mpnn_vanilla_weights	-16	-22	4pif_A_mpnn_vanilla_weights_q-22	3	2	4007325282
806	design	B	4pif_A	A	mpnn_vanilla_weights	-8	-11	4pif_A_mpnn_vanilla_weights_q-11	3	2	2624185268
807	design	B	4pif_A	A	mpnn_vanilla_weights	8	11	4pif_A_mpnn_vanilla_weights_q+11	3	2	3255149079
808	design	B	4pif_A	A	mpnn_vanilla_weights	16	22	4pif_A_mpnn_vanilla_weights_q+22	3	2	6262403
809	design	B	4pif_A	A	random_control	-16	-22	4pif_A_random_control_q-22	3	2	73543803
810	design	B	4pif_A	A	random_control	-8	-11	4pif_A_random_control_q-11	3	2	720186790
811	design	B	4pif_A	A	random_control	8	11	4pif_A_random_control_q+11	3	2	1958018841
812	design	B	4pif_A	A	random_control	16	22	4pif_A_random_control_q+22	3	2	738656424
813	design	B	4pif_A	A	rosetta	-16	-22	4pif_A_rosetta_q-22	3	2	1699769943
814	design	B	4pif_A	A	rosetta	-8	-11	4pif_A_rosetta_q-11	3	2	153421282
815	design	B	4pif_A	A	rosetta	8	11	4pif_A_rosetta_q+11	3	2	1952007952
816	design	B	4pif_A	A	rosetta	16	22	4pif_A_rosetta_q+22	3	2	199144362
