metric,comparison,stratum,n_pairs,test,statistic,p_raw,p_holm,median_diff,ci_low,ci_high,cliffs_delta
hit_any,mpnn_soluble_vs_avnapsa,all,200,"mcnemar_exact(b=72,c=0); wilson ref [0.981,1.000] cmp [0.571,0.703]",72.0,4.235164736271503e-22,1.905824131322176e-20,0.36,,,0.36
hit_rate,mpnn_soluble_vs_avnapsa,all,200,wilcoxon_signed_rank,0.0,1.4471689996169604e-19,6.3675435983146266e-18,0.0,,,0.49
median_mut_per_charge,mpnn_soluble_vs_avnapsa,all,200,wilcoxon_signed_rank,0.0,6.2559517488464185e-34,2.815178286980888e-32,0.2343932522503951,0.21875,0.25,0.940975
median_d_reu_per_res,mpnn_soluble_vs_avnapsa,all,104,wilcoxon_signed_rank,805.0,4.3089544308220895e-10,9.910595190890806e-09,-0.0506351454273256,-0.0645289736241423,-0.0311573494028051,-0.3690828402366864
median_d_hbond_strong,mpnn_soluble_vs_avnapsa,all,104,wilcoxon_signed_rank,549.5,1.946077097326284e-10,4.865192743315709e-09,2.0,,,0.424741124260355
median_d_plddt_vs_wt_pred,mpnn_soluble_vs_avnapsa,all,200,wilcoxon_signed_rank,7338.0,0.0009359588727928,0.0346304782933339,-0.4424026395939078,-0.739886760563401,-0.0181991360900505,-0.1551
median_tm_score_to_wt_crystal,mpnn_soluble_vs_avnapsa,all,200,wilcoxon_signed_rank,7313.0,0.000838973894075,0.0352369035511518,-0.0018978043246127,-0.0043147582117925,-0.0002413856599183,-0.05135
n_unique_mutation_sets,mpnn_soluble_vs_avnapsa,all,200,wilcoxon_signed_rank,0.0,6.82552064342828e-38,3.071484289542726e-36,9.0,,,1.0
mean_pairwise_hamming,mpnn_soluble_vs_avnapsa,all,200,wilcoxon_signed_rank,0.0,1.4356003815849795e-34,6.460201717132406e-33,8.88888888888889,8.38888888888889,9.522222222222222,1.0
positional_entropy,mpnn_soluble_vs_avnapsa,all,200,wilcoxon_signed_rank,0.0,1.4361464127613523e-34,6.462658857426085e-33,0.2699394747879708,0.2559762816512477,0.2940501909848967,1.0
designable_coverage,mpnn_soluble_vs_avnapsa,all,200,wilcoxon_signed_rank,0.0,1.4352971182795503e-34,6.458837032257976e-33,0.2624999999999999,0.2518656716417911,0.2708333333333333,0.930825
hit_any,mpnn_soluble_vs_avnapsa,delta_q_density=-24,25,"mcnemar_exact(b=13,c=0); wilson ref [0.867,1.000] cmp [0.300,0.665]",13.0,0.000244140625,0.01025390625,0.52,,,0.52
hit_rate,mpnn_soluble_vs_avnapsa,delta_q_density=-24,25,wilcoxon_signed_rank,0.0,0.0001326859432953,0.004644008015338,1.0,0.5,1.0,0.68
median_mut_per_charge,mpnn_soluble_vs_avnapsa,delta_q_density=-24,25,wilcoxon_signed_rank,0.0,5.960464477539064e-08,2.562999725341797e-06,0.1894736842105263,0.1599999999999999,0.21875,0.9424
median_d_plddt_vs_wt_pred,mpnn_soluble_vs_avnapsa,delta_q_density=-24,25,wilcoxon_signed_rank,117.0,0.2303613424301147,1.0,-0.4091200000000086,-3.4261165048543845,0.7035563380281928,-0.12
median_tm_score_to_wt_crystal,mpnn_soluble_vs_avnapsa,delta_q_density=-24,25,wilcoxon_signed_rank,105.0,0.1266481280326843,1.0,-0.0034978340329905,-0.0303122253388872,0.0025646909286387,-0.0496
n_unique_mutation_sets,mpnn_soluble_vs_avnapsa,delta_q_density=-24,25,wilcoxon_signed_rank,0.0,5.960464477539064e-08,2.562999725341797e-06,9.0,,,1.0
mean_pairwise_hamming,mpnn_soluble_vs_avnapsa,delta_q_density=-24,25,wilcoxon_signed_rank,0.0,5.960464477539064e-08,2.5033950805664062e-06,9.6,8.066666666666666,13.622222222222222,1.0
positional_entropy,mpnn_soluble_vs_avnapsa,delta_q_density=-24,25,wilcoxon_signed_rank,0.0,5.960464477539064e-08,2.5033950805664062e-06,0.3081481548941236,0.2362385895820694,0.3937640427806404,1.0
designable_coverage,mpnn_soluble_vs_avnapsa,delta_q_density=-24,25,wilcoxon_signed_rank,0.0,5.960464477539064e-08,2.384185791015625e-06,0.3,0.26,0.3624999999999999,1.0
hit_any,mpnn_soluble_vs_avnapsa,delta_q_density=-16,25,"mcnemar_exact(b=10,c=0); wilson ref [0.867,1.000] cmp [0.407,0.766]",10.0,0.001953125,0.07421875,0.4,,,0.4
hit_rate,mpnn_soluble_vs_avnapsa,delta_q_density=-16,25,wilcoxon_signed_rank,0.0,0.0002896194097555,0.0098470599316887,0.3,,,0.64
median_mut_per_charge,mpnn_soluble_vs_avnapsa,delta_q_density=-16,25,wilcoxon_signed_rank,0.0,5.960464477539064e-08,2.562999725341797e-06,0.2,0.1538461538461538,0.25,0.9392
median_d_reu_per_res,mpnn_soluble_vs_avnapsa,delta_q_density=-16,25,wilcoxon_signed_rank,10.0,2.562999725341797e-06,4.869699478149414e-05,-0.0794237559926905,-0.1039854421113408,-0.0526146815391447,-0.5392
median_d_hbond_strong,mpnn_soluble_vs_avnapsa,delta_q_density=-16,25,wilcoxon_signed_rank,19.0,0.0004721993202747,0.0099161857257688,3.0,,,0.4224
median_d_plddt_vs_wt_pred,mpnn_soluble_vs_avnapsa,delta_q_density=-16,25,wilcoxon_signed_rank,78.0,0.0219083428382873,0.7010669708251953,-1.1550471698113327,-3.270249999999983,-0.1319629629629872,-0.1328
median_tm_score_to_wt_crystal,mpnn_soluble_vs_avnapsa,delta_q_density=-16,25,wilcoxon_signed_rank,90.0,0.0515762567520141,1.0,-0.0060631120606832,-0.0316989324905384,0.0014503676612236,-0.0816
n_unique_mutation_sets,mpnn_soluble_vs_avnapsa,delta_q_density=-16,25,wilcoxon_signed_rank,0.0,5.960464477539064e-08,2.562999725341797e-06,9.0,,,1.0
mean_pairwise_hamming,mpnn_soluble_vs_avnapsa,delta_q_density=-16,25,wilcoxon_signed_rank,0.0,5.960464477539064e-08,2.5033950805664062e-06,9.666666666666666,8.533333333333335,11.377777777777778,1.0
positional_entropy,mpnn_soluble_vs_avnapsa,delta_q_density=-16,25,wilcoxon_signed_rank,0.0,5.960464477539064e-08,2.5033950805664062e-06,0.2850827978323558,0.2596280560668013,0.3172480924241979,1.0
designable_coverage,mpnn_soluble_vs_avnapsa,delta_q_density=-16,25,wilcoxon_signed_rank,0.0,5.960464477539064e-08,2.384185791015625e-06,0.2641509433962263,0.2340425531914893,0.3114754098360656,0.9984
hit_any,mpnn_soluble_vs_avnapsa,delta_q_density=-8,25,"mcnemar_exact(b=8,c=0); wilson ref [0.867,1.000] cmp [0.484,0.828]",8.0,0.0078125,0.2890625,0.3199999999999999,,,0.32
hit_rate,mpnn_soluble_vs_avnapsa,delta_q_density=-8,25,wilcoxon_signed_rank,0.0,0.0015598200168921,0.0499142405405476,0.0,0.0,0.3,0.48
median_mut_per_charge,mpnn_soluble_vs_avnapsa,delta_q_density=-8,25,wilcoxon_signed_rank,0.0,1.810804199678463e-05,0.0006518895118842,0.2348484848484848,0.1666666666666667,0.2727272727272728,0.9136
median_d_reu_per_res,mpnn_soluble_vs_avnapsa,delta_q_density=-8,25,wilcoxon_signed_rank,64.0,0.0067255496978759,0.0807065963745117,-0.0316782621846564,-0.0663793881195982,-0.008842454971944,-0.36
median_d_hbond_strong,mpnn_soluble_vs_avnapsa,delta_q_density=-8,25,wilcoxon_signed_rank,52.5,0.0484874938568828,0.7273124078532427,1.0,,,0.2832
median_d_plddt_vs_wt_pred,mpnn_soluble_vs_avnapsa,delta_q_density=-8,25,wilcoxon_signed_rank,95.0,0.0709836483001709,1.0,-0.9909405940593884,-1.9543604651162991,0.4181716417910266,-0.3088
median_tm_score_to_wt_crystal,mpnn_soluble_vs_avnapsa,delta_q_density=-8,25,wilcoxon_signed_rank,127.0,0.3525196313858032,1.0,-0.0012748361361581,-0.0108984482774703,0.0014280500243146,-0.008
n_unique_mutation_sets,mpnn_soluble_vs_avnapsa,delta_q_density=-8,25,wilcoxon_signed_rank,0.0,5.960464477539064e-08,2.562999725341797e-06,9.0,,,1.0
mean_pairwise_hamming,mpnn_soluble_vs_avnapsa,delta_q_density=-8,25,wilcoxon_signed_rank,0.0,5.960464477539064e-08,2.5033950805664062e-06,8.799999999999999,8.088888888888889,9.666666666666666,1.0
positional_entropy,mpnn_soluble_vs_avnapsa,delta_q_density=-8,25,wilcoxon_signed_rank,0.0,5.960464477539064e-08,2.5033950805664062e-06,0.2562336126274985,0.2529384749058932,0.2813591789742508,1.0
designable_coverage,mpnn_soluble_vs_avnapsa,delta_q_density=-8,25,wilcoxon_signed_rank,0.0,5.960464477539064e-08,2.384185791015625e-06,0.2459016393442623,0.2063492063492063,0.2875,1.0
hit_any,mpnn_soluble_vs_avnapsa,delta_q_density=-4,25,"mcnemar_exact(b=7,c=0); wilson ref [0.867,1.000] cmp [0.524,0.857]",7.0,0.015625,0.53125,0.28,,,0.28
hit_rate,mpnn_soluble_vs_avnapsa,delta_q_density=-4,25,wilcoxon_signed_rank,0.0,0.0066556054829493,0.1863569535225825,0.0,,,0.32
median_mut_per_charge,mpnn_soluble_vs_avnapsa,delta_q_density=-4,25,wilcoxon_signed_rank,0.0,3.816525962615782e-05,0.0012594535676632,0.25,,,0.8768
median_d_plddt_vs_wt_pred,mpnn_soluble_vs_avnapsa,delta_q_density=-4,25,wilcoxon_signed_rank,132.0,0.4261419773101806,1.0,-0.0037745098038899,-1.0569767441860307,0.2242957746478851,-0.2128
median_tm_score_to_wt_crystal,mpnn_soluble_vs_avnapsa,delta_q_density=-4,25,wilcoxon_signed_rank,85.0,0.0366820693016052,1.0,-0.0015861195364927,-0.0084301482818425,0.0008211827822166,-0.0112
n_unique_mutation_sets,mpnn_soluble_vs_avnapsa,delta_q_density=-4,25,wilcoxon_signed_rank,0.0,5.960464477539064e-08,2.562999725341797e-06,9.0,,,1.0
mean_pairwise_hamming,mpnn_soluble_vs_avnapsa,delta_q_density=-4,25,wilcoxon_signed_rank,0.0,5.960464477539064e-08,2.5033950805664062e-06,6.133333333333334,5.466666666666667,6.466666666666667,1.0
positional_entropy,mpnn_soluble_vs_avnapsa,delta_q_density=-4,25,wilcoxon_signed_rank,0.0,5.960464477539064e-08,2.5033950805664062e-06,0.1980842785518094,0.1643614677455724,0.2106753917765593,1.0
designable_coverage,mpnn_soluble_vs_avnapsa,delta_q_density=-4,25,wilcoxon_signed_rank,0.0,5.960464477539064e-08,2.384185791015625e-06,0.2295081967213115,0.2083333333333334,0.2567567567567568,1.0
hit_any,mpnn_soluble_vs_avnapsa,delta_q_density=+4,25,"mcnemar_exact(b=11,c=0); wilson ref [0.867,1.000] cmp [0.371,0.733]",11.0,0.0009765625,0.0390625,0.4399999999999999,,,0.44
hit_rate,mpnn_soluble_vs_avnapsa,delta_q_density=+4,25,wilcoxon_signed_rank,0.0,0.0007891129890156,0.0260407286375157,0.0,0.0,1.0,0.48
median_mut_per_charge,mpnn_soluble_vs_avnapsa,delta_q_density=+4,25,wilcoxon_signed_rank,0.0,5.960464477539064e-08,2.562999725341797e-06,0.3,0.25,0.3333333333333333,0.9712
median_d_plddt_vs_wt_pred,mpnn_soluble_vs_avnapsa,delta_q_density=+4,25,wilcoxon_signed_rank,147.0,0.6915188431739807,1.0,-0.0326237623762111,-0.6271875000000122,0.4513592233009973,-0.0944
median_tm_score_to_wt_crystal,mpnn_soluble_vs_avnapsa,delta_q_density=+4,25,wilcoxon_signed_rank,150.0,0.7509929537773132,1.0,7.22451228736265e-05,-0.0038271527734964,0.0058432424668063,-0.0304
n_unique_mutation_sets,mpnn_soluble_vs_avnapsa,delta_q_density=+4,25,wilcoxon_signed_rank,0.0,5.960464477539064e-08,2.562999725341797e-06,9.0,,,1.0
mean_pairwise_hamming,mpnn_soluble_vs_avnapsa,delta_q_density=+4,25,wilcoxon_signed_rank,0.0,5.960464477539064e-08,2.5033950805664062e-06,5.4,5.088888888888889,6.444444444444445,1.0
positional_entropy,mpnn_soluble_vs_avnapsa,delta_q_density=+4,25,wilcoxon_signed_rank,0.0,5.960464477539064e-08,2.5033950805664062e-06,0.1803208581660482,0.1656716717468411,0.1976538359012702,1.0
designable_coverage,mpnn_soluble_vs_avnapsa,delta_q_density=+4,25,wilcoxon_signed_rank,0.0,5.960464477539064e-08,2.384185791015625e-06,0.1914893617021277,0.1774193548387097,0.225,1.0
hit_any,mpnn_soluble_vs_avnapsa,delta_q_density=+8,25,"mcnemar_exact(b=8,c=0); wilson ref [0.867,1.000] cmp [0.484,0.828]",8.0,0.0078125,0.2890625,0.3199999999999999,,,0.32
hit_rate,mpnn_soluble_vs_avnapsa,delta_q_density=+8,25,wilcoxon_signed_rank,0.0,0.0038924171227786,0.1128800965605802,0.0,,,0.36
median_mut_per_charge,mpnn_soluble_vs_avnapsa,delta_q_density=+8,25,wilcoxon_signed_rank,0.0,5.960464477539064e-08,2.562999725341797e-06,0.2500000000000002,0.2083333333333333,0.2888888888888888,0.9712
median_d_reu_per_res,mpnn_soluble_vs_avnapsa,delta_q_density=+8,25,wilcoxon_signed_rank,116.0,0.2199863791465759,1.0,-0.0100935532763348,-0.0439755952808847,0.0096974429249908,-0.2128
median_d_hbond_strong,mpnn_soluble_vs_avnapsa,delta_q_density=+8,25,wilcoxon_signed_rank,44.5,0.0042402184166288,0.0848043683325762,2.0,,,0.3664
median_d_plddt_vs_wt_pred,mpnn_soluble_vs_avnapsa,delta_q_density=+8,25,wilcoxon_signed_rank,113.0,0.1908142566680908,1.0,-0.179014084507081,-2.0286249999999986,0.6388461538461669,-0.1584
median_tm_score_to_wt_crystal,mpnn_soluble_vs_avnapsa,delta_q_density=+8,25,wilcoxon_signed_rank,96.0,0.0754795670509338,1.0,-0.0043399675555498,-0.017621574771254,0.0003478520496046,-0.0528
n_unique_mutation_sets,mpnn_soluble_vs_avnapsa,delta_q_density=+8,25,wilcoxon_signed_rank,0.0,5.960464477539064e-08,2.562999725341797e-06,9.0,,,1.0
mean_pairwise_hamming,mpnn_soluble_vs_avnapsa,delta_q_density=+8,25,wilcoxon_signed_rank,0.0,5.960464477539064e-08,2.5033950805664062e-06,8.733333333333333,7.4,9.488888888888887,1.0
positional_entropy,mpnn_soluble_vs_avnapsa,delta_q_density=+8,25,wilcoxon_signed_rank,0.0,5.960464477539064e-08,2.5033950805664062e-06,0.2598895955095976,0.2384783928969005,0.2929035379102005,1.0
designable_coverage,mpnn_soluble_vs_avnapsa,delta_q_density=+8,25,wilcoxon_signed_rank,0.0,5.960464477539064e-08,2.384185791015625e-06,0.2542372881355932,0.2222222222222221,0.2857142857142858,1.0
hit_any,mpnn_soluble_vs_avnapsa,delta_q_density=+16,25,"mcnemar_exact(b=7,c=0); wilson ref [0.867,1.000] cmp [0.524,0.857]",7.0,0.015625,0.53125,0.28,,,0.28
hit_rate,mpnn_soluble_vs_avnapsa,delta_q_density=+16,25,wilcoxon_signed_rank,0.0,0.0017553794308967,0.0526613829269038,0.0,0.0,0.1999999999999999,0.48
median_mut_per_charge,mpnn_soluble_vs_avnapsa,delta_q_density=+16,25,wilcoxon_signed_rank,0.0,5.960464477539064e-08,2.562999725341797e-06,0.2352941176470587,0.1812865497076022,0.275,0.9584
median_d_reu_per_res,mpnn_soluble_vs_avnapsa,delta_q_density=+16,25,wilcoxon_signed_rank,34.0,0.0002169013023376,0.0036873221397399,-0.0630924923173626,-0.0962809288447398,-0.0312409886670813,-0.4432
median_d_hbond_strong,mpnn_soluble_vs_avnapsa,delta_q_density=+16,25,wilcoxon_signed_rank,27.0,7.49826431274414e-05,0.0017995834350585,4.0,2.0,7.0,0.6336
median_d_plddt_vs_wt_pred,mpnn_soluble_vs_avnapsa,delta_q_density=+16,25,wilcoxon_signed_rank,133.0,0.4418373703956604,1.0,-0.9982733812949932,-3.020418502202688,1.955441176470587,-0.1936
median_tm_score_to_wt_crystal,mpnn_soluble_vs_avnapsa,delta_q_density=+16,25,wilcoxon_signed_rank,120.0,0.2634761333465576,1.0,-0.0033402571010785,-0.0334999249300767,0.0005251012287843,-0.1136
n_unique_mutation_sets,mpnn_soluble_vs_avnapsa,delta_q_density=+16,25,wilcoxon_signed_rank,0.0,5.960464477539064e-08,2.562999725341797e-06,9.0,,,1.0
mean_pairwise_hamming,mpnn_soluble_vs_avnapsa,delta_q_density=+16,25,wilcoxon_signed_rank,0.0,5.960464477539064e-08,2.5033950805664062e-06,12.311111111111112,11.022222222222222,13.511111111111113,1.0
positional_entropy,mpnn_soluble_vs_avnapsa,delta_q_density=+16,25,wilcoxon_signed_rank,0.0,5.960464477539064e-08,2.5033950805664062e-06,0.3665476078219026,0.3278644868255375,0.4039176750355516,1.0
designable_coverage,mpnn_soluble_vs_avnapsa,delta_q_density=+16,25,wilcoxon_signed_rank,0.0,5.960464477539064e-08,2.384185791015625e-06,0.3125,0.2708333333333333,0.3432835820895523,1.0
hit_any,mpnn_soluble_vs_avnapsa,delta_q_density=+24,25,"mcnemar_exact(b=8,c=0); wilson ref [0.867,1.000] cmp [0.484,0.828]",8.0,0.0078125,0.2890625,0.3199999999999999,,,0.32
hit_rate,mpnn_soluble_vs_avnapsa,delta_q_density=+24,25,wilcoxon_signed_rank,0.0,0.0015598200168921,0.0499142405405476,0.0,0.0,0.3,0.48
median_mut_per_charge,mpnn_soluble_vs_avnapsa,delta_q_density=+24,25,wilcoxon_signed_rank,0.0,5.960464477539064e-08,2.562999725341797e-06,0.2,0.167989417989418,0.2186147186147186,0.9488
median_d_plddt_vs_wt_pred,mpnn_soluble_vs_avnapsa,delta_q_density=+24,25,wilcoxon_signed_rank,136.0,0.4907859563827514,1.0,-0.6650373134328333,-3.8663392857142966,1.4219021739130395,-0.1744
median_tm_score_to_wt_crystal,mpnn_soluble_vs_avnapsa,delta_q_density=+24,25,wilcoxon_signed_rank,149.0,0.7309892177581787,1.0,-0.0005399825895832,-0.0187734859643224,0.0162743933409197,-0.0592
n_unique_mutation_sets,mpnn_soluble_vs_avnapsa,delta_q_density=+24,25,wilcoxon_signed_rank,0.0,5.960464477539064e-08,2.562999725341797e-06,9.0,,,1.0
mean_pairwise_hamming,mpnn_soluble_vs_avnapsa,delta_q_density=+24,25,wilcoxon_signed_rank,0.0,5.960464477539064e-08,2.5033950805664062e-06,14.911111111111111,13.755555555555556,16.6,1.0
positional_entropy,mpnn_soluble_vs_avnapsa,delta_q_density=+24,25,wilcoxon_signed_rank,0.0,5.960464477539064e-08,2.5033950805664062e-06,0.4648778680911882,0.4098689383168287,0.5283317257630609,1.0
designable_coverage,mpnn_soluble_vs_avnapsa,delta_q_density=+24,25,wilcoxon_signed_rank,0.0,5.960464477539064e-08,2.384185791015625e-06,0.3333333333333333,0.2903225806451613,0.4181818181818182,1.0
hit_any,mpnn_soluble_vs_mpnn_soluble_hbond_protected,all,56,"mcnemar_exact(b=0,c=0); wilson ref [0.936,1.000] cmp [0.936,1.000]",,1.0,1.0,0.0,,,0.0
hit_rate,mpnn_soluble_vs_mpnn_soluble_hbond_protected,all,56,wilcoxon_signed_rank,,1.0,1.0,0.0,,,0.0
median_mut_per_charge,mpnn_soluble_vs_mpnn_soluble_hbond_protected,all,56,wilcoxon_signed_rank,130.0,0.0207407968157028,0.601483107655383,0.0,,,-0.1817602040816326
median_d_reu_per_res,mpnn_soluble_vs_mpnn_soluble_hbond_protected,all,32,wilcoxon_signed_rank,254.0,0.8609301364049315,1.0,0.001717920392977,-0.0156336921294396,0.0229843523526676,0.111328125
median_d_hbond_strong,mpnn_soluble_vs_mpnn_soluble_hbond_protected,all,32,wilcoxon_signed_rank,52.0,0.0003288219728717,0.0072340834031794,-2.0,,,-0.4189453125
median_d_plddt_vs_wt_pred,mpnn_soluble_vs_mpnn_soluble_hbond_protected,all,56,wilcoxon_signed_rank,775.0,0.8511800801472735,1.0,0.0913705985915669,-0.2286067605633968,0.3045311646282123,-0.0089285714285714
median_tm_score_to_wt_crystal,mpnn_soluble_vs_mpnn_soluble_hbond_protected,all,56,wilcoxon_signed_rank,634.0,0.1809740826128508,1.0,0.001026858079944,-0.0013435881521516,0.0035809685915634,0.0503826530612244
n_unique_mutation_sets,mpnn_soluble_vs_mpnn_soluble_hbond_protected,all,56,wilcoxon_signed_rank,12.0,0.007075383933466,0.1839599822701168,0.0,,,0.1945153061224489
mean_pairwise_hamming,mpnn_soluble_vs_mpnn_soluble_hbond_protected,all,56,wilcoxon_signed_rank,295.0,0.0001166277920806,0.0017494168812095,0.8222222222222215,0.5555555555555554,1.3222222222222224,0.2436224489795918
positional_entropy,mpnn_soluble_vs_mpnn_soluble_hbond_protected,all,56,wilcoxon_signed_rank,185.0,5.724332802956412e-07,9.15893248473026e-06,-0.081170079538531,-0.1040118139298519,-0.0506795868712856,-0.3469387755102041
designable_coverage,mpnn_soluble_vs_mpnn_soluble_hbond_protected,all,56,wilcoxon_signed_rank,19.0,2.0928421512210112e-10,8.789937035128247e-09,-0.0913147648996705,-0.1266661775136351,-0.0627257390109125,-0.3510841836734694
hit_any,mpnn_soluble_vs_mpnn_soluble_hbond_protected,delta_q_density=-24,7,"mcnemar_exact(b=0,c=0); wilson ref [0.646,1.000] cmp [0.646,1.000]",,1.0,1.0,0.0,,,0.0
hit_rate,mpnn_soluble_vs_mpnn_soluble_hbond_protected,delta_q_density=-24,7,wilcoxon_signed_rank,,1.0,1.0,0.0,,,0.0
median_mut_per_charge,mpnn_soluble_vs_mpnn_soluble_hbond_protected,delta_q_density=-24,7,wilcoxon_signed_rank,0.0,0.0277078493580798,0.7204040833100764,-0.0526315789473683,-0.0909090909090909,-0.0333333333333333,-0.4897959183673469
median_d_plddt_vs_wt_pred,mpnn_soluble_vs_mpnn_soluble_hbond_protected,delta_q_density=-24,7,wilcoxon_signed_rank,13.0,0.9375,1.0,0.1586971830986527,-1.6607359307359315,0.3694399999999973,0.0204081632653061
median_tm_score_to_wt_crystal,mpnn_soluble_vs_mpnn_soluble_hbond_protected,delta_q_density=-24,7,wilcoxon_signed_rank,13.0,0.9375,1.0,-0.0008340844850694,-0.0070797408534765,0.0636724135137197,0.0204081632653061
n_unique_mutation_sets,mpnn_soluble_vs_mpnn_soluble_hbond_protected,delta_q_density=-24,7,wilcoxon_signed_rank,,1.0,1.0,0.0,,,0.0
mean_pairwise_hamming,mpnn_soluble_vs_mpnn_soluble_hbond_protected,delta_q_density=-24,7,wilcoxon_signed_rank,12.0,0.8125,1.0,-0.5333333333333341,-2.711111111111112,1.4222222222222225,0.1020408163265306
positional_entropy,mpnn_soluble_vs_mpnn_soluble_hbond_protected,delta_q_density=-24,7,wilcoxon_signed_rank,3.0,0.078125,0.6038365364074707,-0.1292877573720793,-0.2993396888842259,0.0088240203911704,-0.673469387755102
designable_coverage,mpnn_soluble_vs_mpnn_soluble_hbond_protected,delta_q_density=-24,7,wilcoxon_signed_rank,0.0,0.015625,0.1875,-0.1904761904761905,-0.2179487179487179,-0.0656022214508851,-0.7755102040816326
hit_any,mpnn_soluble_vs_mpnn_soluble_hbond_protected,delta_q_density=-16,7,"mcnemar_exact(b=0,c=0); wilson ref [0.646,1.000] cmp [0.646,1.000]",,1.0,1.0,0.0,,,0.0
hit_rate,mpnn_soluble_vs_mpnn_soluble_hbond_protected,delta_q_density=-16,7,wilcoxon_signed_rank,,1.0,1.0,0.0,,,0.0
median_mut_per_charge,mpnn_soluble_vs_mpnn_soluble_hbond_protected,delta_q_density=-16,7,wilcoxon_signed_rank,0.0,0.0678891548618289,1.0,-0.0277777777777777,-0.0810810810810811,0.0,-0.3673469387755102
median_d_reu_per_res,mpnn_soluble_vs_mpnn_soluble_hbond_protected,delta_q_density=-16,7,wilcoxon_signed_rank,13.0,0.9375,1.0,-0.0018307247658327,-0.0447308162428363,0.0384287926413859,-0.0204081632653061
median_d_hbond_strong,mpnn_soluble_vs_mpnn_soluble_hbond_protected,delta_q_density=-16,7,wilcoxon_signed_rank,5.5,0.15625,1.0,-2.0,-11.0,1.0,-0.3469387755102041
median_d_plddt_vs_wt_pred,mpnn_soluble_vs_mpnn_soluble_hbond_protected,delta_q_density=-16,7,wilcoxon_signed_rank,9.0,0.46875,1.0,-0.0311971830986335,-2.6923786407766954,1.25388000000002,-0.1836734693877551
median_tm_score_to_wt_crystal,mpnn_soluble_vs_mpnn_soluble_hbond_protected,delta_q_density=-16,7,wilcoxon_signed_rank,13.0,0.9375,1.0,-0.0119831824616173,-0.0134860682190327,0.0371410558913256,0.0204081632653061
n_unique_mutation_sets,mpnn_soluble_vs_mpnn_soluble_hbond_protected,delta_q_density=-16,7,wilcoxon_signed_rank,0.0,0.1024704348597493,1.0,0.0,0.0,1.0,0.4285714285714285
mean_pairwise_hamming,mpnn_soluble_vs_mpnn_soluble_hbond_protected,delta_q_density=-16,7,wilcoxon_signed_rank,6.0,0.21875,1.0,2.555555555555556,0.6222222222222218,4.866666666666669,0.4693877551020408
positional_entropy,mpnn_soluble_vs_mpnn_soluble_hbond_protected,delta_q_density=-16,7,wilcoxon_signed_rank,9.0,0.46875,1.0,-0.0156697705724048,-0.1056891524470616,0.0274719988080321,-0.2244897959183673
designable_coverage,mpnn_soluble_vs_mpnn_soluble_hbond_protected,delta_q_density=-16,7,wilcoxon_signed_rank,0.0,0.015625,0.1875,-0.092063492063492,-0.2126348228043143,-0.0293501048218029,-0.7551020408163265
hit_any,mpnn_soluble_vs_mpnn_soluble_hbond_protected,delta_q_density=-8,7,"mcnemar_exact(b=0,c=0); wilson ref [0.646,1.000] cmp [0.646,1.000]",,1.0,1.0,0.0,,,0.0
hit_rate,mpnn_soluble_vs_mpnn_soluble_hbond_protected,delta_q_density=-8,7,wilcoxon_signed_rank,,1.0,1.0,0.0,,,0.0
median_mut_per_charge,mpnn_soluble_vs_mpnn_soluble_hbond_protected,delta_q_density=-8,7,wilcoxon_signed_rank,0.0,0.1088094300405456,1.0,0.0,-0.0555555555555555,0.0,-0.3265306122448979
median_d_reu_per_res,mpnn_soluble_vs_mpnn_soluble_hbond_protected,delta_q_density=-8,7,wilcoxon_signed_rank,8.0,0.375,1.0,0.0270880728725552,-0.0229687833159819,0.0451710822581126,0.1428571428571428
median_d_hbond_strong,mpnn_soluble_vs_mpnn_soluble_hbond_protected,delta_q_density=-8,7,wilcoxon_signed_rank,2.5,0.0925915957502299,1.0,-2.0,-4.5,0.0,-0.5510204081632653
median_d_plddt_vs_wt_pred,mpnn_soluble_vs_mpnn_soluble_hbond_protected,delta_q_density=-8,7,wilcoxon_signed_rank,3.0,0.078125,1.0,-0.3557589285714115,-1.1006926406926856,0.0918661971831227,-0.1836734693877551
median_tm_score_to_wt_crystal,mpnn_soluble_vs_mpnn_soluble_hbond_protected,delta_q_density=-8,7,wilcoxon_signed_rank,6.0,0.21875,1.0,-0.0026193008837783,-0.0203264266088917,-0.0008475551940165,-0.1428571428571428
n_unique_mutation_sets,mpnn_soluble_vs_mpnn_soluble_hbond_protected,delta_q_density=-8,7,wilcoxon_signed_rank,0.0,0.1797124948789997,1.0,0.0,,,0.2857142857142857
mean_pairwise_hamming,mpnn_soluble_vs_mpnn_soluble_hbond_protected,delta_q_density=-8,7,wilcoxon_signed_rank,0.0,0.015625,0.203125,2.3999999999999995,1.7111111111111117,4.333333333333334,0.7551020408163265
positional_entropy,mpnn_soluble_vs_mpnn_soluble_hbond_protected,delta_q_density=-8,7,wilcoxon_signed_rank,11.0,0.6875,1.0,-8.414905665848904e-05,-0.083819858413675,0.0375989176181209,-0.1020408163265306
designable_coverage,mpnn_soluble_vs_mpnn_soluble_hbond_protected,delta_q_density=-8,7,wilcoxon_signed_rank,2.0,0.046875,0.21875,-0.0340811044003451,-0.1152377646650468,-0.007704160246533,-0.4285714285714285
hit_any,mpnn_soluble_vs_mpnn_soluble_hbond_protected,delta_q_density=-4,7,"mcnemar_exact(b=0,c=0); wilson ref [0.646,1.000] cmp [0.646,1.000]",,1.0,1.0,0.0,,,0.0
hit_rate,mpnn_soluble_vs_mpnn_soluble_hbond_protected,delta_q_density=-4,7,wilcoxon_signed_rank,,1.0,1.0,0.0,,,0.0
median_mut_per_charge,mpnn_soluble_vs_mpnn_soluble_hbond_protected,delta_q_density=-4,7,wilcoxon_signed_rank,1.0,0.6547208460185769,1.0,0.0,,,0.0
median_d_plddt_vs_wt_pred,mpnn_soluble_vs_mpnn_soluble_hbond_protected,delta_q_density=-4,7,wilcoxon_signed_rank,8.0,0.375,1.0,-0.2870982142857485,-0.962437500000014,0.3231599999999659,-0.1836734693877551
median_tm_score_to_wt_crystal,mpnn_soluble_vs_mpnn_soluble_hbond_protected,delta_q_density=-4,7,wilcoxon_signed_rank,14.0,1.0,1.0,-0.0012224415398052,-0.00496813842415,0.0034703784815749,-0.0204081632653061
n_unique_mutation_sets,mpnn_soluble_vs_mpnn_soluble_hbond_protected,delta_q_density=-4,7,wilcoxon_signed_rank,2.5,0.3173105078629141,1.0,0.0,-1.0,1.0,0.3469387755102041
mean_pairwise_hamming,mpnn_soluble_vs_mpnn_soluble_hbond_protected,delta_q_density=-4,7,wilcoxon_signed_rank,0.0,0.0277078493580798,0.3022735118865967,0.7111111111111139,0.3777777777777782,1.155555555555556,0.4693877551020408
positional_entropy,mpnn_soluble_vs_mpnn_soluble_hbond_protected,delta_q_density=-4,7,wilcoxon_signed_rank,0.0,0.015625,0.203125,-0.078520300663387,-0.0845419310538984,-0.0323963204929406,-0.7551020408163265
designable_coverage,mpnn_soluble_vs_mpnn_soluble_hbond_protected,delta_q_density=-4,7,wilcoxon_signed_rank,1.0,0.03125,0.21875,-0.0634167385677307,-0.1022085259373394,-0.0335429769392034,-0.5918367346938775
hit_any,mpnn_soluble_vs_mpnn_soluble_hbond_protected,delta_q_density=+4,7,"mcnemar_exact(b=0,c=0); wilson ref [0.646,1.000] cmp [0.646,1.000]",,1.0,1.0,0.0,,,0.0
hit_rate,mpnn_soluble_vs_mpnn_soluble_hbond_protected,delta_q_density=+4,7,wilcoxon_signed_rank,,1.0,1.0,0.0,,,0.0
median_mut_per_charge,mpnn_soluble_vs_mpnn_soluble_hbond_protected,delta_q_density=+4,7,wilcoxon_signed_rank,1.0,0.6547208460185769,1.0,0.0,,,-0.0204081632653061
median_d_plddt_vs_wt_pred,mpnn_soluble_vs_mpnn_soluble_hbond_protected,delta_q_density=+4,7,wilcoxon_signed_rank,12.0,0.8125,1.0,0.1626406926407212,-0.539187499999997,1.459910714285705,0.2244897959183673
median_tm_score_to_wt_crystal,mpnn_soluble_vs_mpnn_soluble_hbond_protected,delta_q_density=+4,7,wilcoxon_signed_rank,8.0,0.375,1.0,0.002208237560945,-0.0020114544226002,0.0171536831485203,0.1428571428571428
n_unique_mutation_sets,mpnn_soluble_vs_mpnn_soluble_hbond_protected,delta_q_density=+4,7,wilcoxon_signed_rank,0.0,0.1024704348597493,1.0,0.0,0.0,1.0,0.4285714285714285
mean_pairwise_hamming,mpnn_soluble_vs_mpnn_soluble_hbond_protected,delta_q_density=+4,7,wilcoxon_signed_rank,3.0,0.078125,0.703125,0.4444444444444446,0.2666666666666666,1.2222222222222223,0.5510204081632653
positional_entropy,mpnn_soluble_vs_mpnn_soluble_hbond_protected,delta_q_density=+4,7,wilcoxon_signed_rank,3.0,0.078125,0.6038365364074707,-0.0720672511030002,-0.1181087963086403,-0.0100669258352505,-0.5918367346938775
designable_coverage,mpnn_soluble_vs_mpnn_soluble_hbond_protected,delta_q_density=+4,7,wilcoxon_signed_rank,1.0,0.03125,0.21875,-0.0562448304383788,-0.115255376344086,-0.0336496980155306,-0.7551020408163265
hit_any,mpnn_soluble_vs_mpnn_soluble_hbond_protected,delta_q_density=+8,7,"mcnemar_exact(b=0,c=0); wilson ref [0.646,1.000] cmp [0.646,1.000]",,1.0,1.0,0.0,,,0.0
hit_rate,mpnn_soluble_vs_mpnn_soluble_hbond_protected,delta_q_density=+8,7,wilcoxon_signed_rank,,1.0,1.0,0.0,,,0.0
median_mut_per_charge,mpnn_soluble_vs_mpnn_soluble_hbond_protected,delta_q_density=+8,7,wilcoxon_signed_rank,4.0,0.34523107177184,1.0,0.0,-0.0999999999999999,0.0625,-0.1836734693877551
median_d_reu_per_res,mpnn_soluble_vs_mpnn_soluble_hbond_protected,delta_q_density=+8,7,wilcoxon_signed_rank,10.0,0.578125,1.0,0.0004148260860161,-0.0156336921294396,0.0403216615509366,0.1020408163265306
median_d_hbond_strong,mpnn_soluble_vs_mpnn_soluble_hbond_protected,delta_q_density=+8,7,wilcoxon_signed_rank,5.5,0.15625,1.0,-2.0,-7.5,-1.0,-0.3673469387755102
median_d_plddt_vs_wt_pred,mpnn_soluble_vs_mpnn_soluble_hbond_protected,delta_q_density=+8,7,wilcoxon_signed_rank,6.0,0.21875,1.0,0.3919264069263022,-0.1335436893204047,2.696981132075461,0.1428571428571428
median_tm_score_to_wt_crystal,mpnn_soluble_vs_mpnn_soluble_hbond_protected,delta_q_density=+8,7,wilcoxon_signed_rank,3.0,0.078125,1.0,0.0045057140511155,-0.0001459961048669,0.0603495713200392,0.1428571428571428
n_unique_mutation_sets,mpnn_soluble_vs_mpnn_soluble_hbond_protected,delta_q_density=+8,7,wilcoxon_signed_rank,0.0,0.3173105078629141,1.0,0.0,,,0.1428571428571428
mean_pairwise_hamming,mpnn_soluble_vs_mpnn_soluble_hbond_protected,delta_q_density=+8,7,wilcoxon_signed_rank,4.0,0.109375,0.765625,0.7999999999999998,0.5555555555555554,1.1333333333333329,0.2040816326530612
positional_entropy,mpnn_soluble_vs_mpnn_soluble_hbond_protected,delta_q_density=+8,7,wilcoxon_signed_rank,1.0,0.03125,0.3549413681030273,-0.0908236886932699,-0.121464806269456,-0.0647562857143022,-0.7959183673469388
designable_coverage,mpnn_soluble_vs_mpnn_soluble_hbond_protected,delta_q_density=+8,7,wilcoxon_signed_rank,1.0,0.03125,0.21875,-0.0810587262200165,-0.1587575496117342,-0.0388753904894134,-0.7142857142857143
hit_any,mpnn_soluble_vs_mpnn_soluble_hbond_protected,delta_q_density=+16,7,"mcnemar_exact(b=0,c=0); wilson ref [0.646,1.000] cmp [0.646,1.000]",,1.0,1.0,0.0,,,0.0
hit_rate,mpnn_soluble_vs_mpnn_soluble_hbond_protected,delta_q_density=+16,7,wilcoxon_signed_rank,,1.0,1.0,0.0,,,0.0
median_mut_per_charge,mpnn_soluble_vs_mpnn_soluble_hbond_protected,delta_q_density=+16,7,wilcoxon_signed_rank,4.0,0.7150006546880893,1.0,0.0,-0.0135135135135135,0.0833333333333332,-0.0816326530612244
median_d_reu_per_res,mpnn_soluble_vs_mpnn_soluble_hbond_protected,delta_q_density=+16,7,wilcoxon_signed_rank,11.0,0.6875,1.0,-0.0047193811904913,-0.0284573225987234,0.0220580532030702,-0.0204081632653061
median_d_hbond_strong,mpnn_soluble_vs_mpnn_soluble_hbond_protected,delta_q_density=+16,7,wilcoxon_signed_rank,1.5,0.1040592345289279,1.0,-1.0,-8.0,0.0,-0.4081632653061224
median_d_plddt_vs_wt_pred,mpnn_soluble_vs_mpnn_soluble_hbond_protected,delta_q_density=+16,7,wilcoxon_signed_rank,6.0,0.21875,1.0,0.3960714285714175,0.0419014084507125,0.7634905660377136,0.3469387755102041
median_tm_score_to_wt_crystal,mpnn_soluble_vs_mpnn_soluble_hbond_protected,delta_q_density=+16,7,wilcoxon_signed_rank,3.0,0.078125,1.0,0.0294517845454365,-0.000406758396114,0.0475454793791081,0.1428571428571428
n_unique_mutation_sets,mpnn_soluble_vs_mpnn_soluble_hbond_protected,delta_q_density=+16,7,wilcoxon_signed_rank,0.0,0.3173105078629141,1.0,0.0,,,-0.1428571428571428
mean_pairwise_hamming,mpnn_soluble_vs_mpnn_soluble_hbond_protected,delta_q_density=+16,7,wilcoxon_signed_rank,4.0,0.109375,0.765625,0.8444444444444432,-0.200000000000001,4.022222222222223,0.2653061224489796
positional_entropy,mpnn_soluble_vs_mpnn_soluble_hbond_protected,delta_q_density=+16,7,wilcoxon_signed_rank,2.0,0.046875,0.421875,-0.1054664908169836,-0.2045159689605361,-0.0113792877486773,-0.4693877551020408
designable_coverage,mpnn_soluble_vs_mpnn_soluble_hbond_protected,delta_q_density=+16,7,wilcoxon_signed_rank,0.0,0.015625,0.1875,-0.1447477253928867,-0.1764112903225806,-0.0506768483165567,-0.9183673469387756
hit_any,mpnn_soluble_vs_mpnn_soluble_hbond_protected,delta_q_density=+24,7,"mcnemar_exact(b=0,c=0); wilson ref [0.646,1.000] cmp [0.646,1.000]",,1.0,1.0,0.0,,,0.0
hit_rate,mpnn_soluble_vs_mpnn_soluble_hbond_protected,delta_q_density=+24,7,wilcoxon_signed_rank,,1.0,1.0,0.0,,,0.0
median_mut_per_charge,mpnn_soluble_vs_mpnn_soluble_hbond_protected,delta_q_density=+24,7,wilcoxon_signed_rank,7.0,0.892738400944348,1.0,0.0,-0.0454545454545454,0.111111111111111,-0.2448979591836734
median_d_plddt_vs_wt_pred,mpnn_soluble_vs_mpnn_soluble_hbond_protected,delta_q_density=+24,7,wilcoxon_signed_rank,12.0,0.8125,1.0,0.4060679611650357,-3.216556603773583,0.7021830985915469,0.0612244897959183
median_tm_score_to_wt_crystal,mpnn_soluble_vs_mpnn_soluble_hbond_protected,delta_q_density=+24,7,wilcoxon_signed_rank,13.0,0.9375,1.0,0.0015695735545355,-0.0103894865337528,0.0173540581408735,0.0204081632653061
n_unique_mutation_sets,mpnn_soluble_vs_mpnn_soluble_hbond_protected,delta_q_density=+24,7,wilcoxon_signed_rank,,1.0,1.0,0.0,,,0.0
mean_pairwise_hamming,mpnn_soluble_vs_mpnn_soluble_hbond_protected,delta_q_density=+24,7,wilcoxon_signed_rank,9.0,0.7531523647659145,1.0,0.4666666666666668,-3.733333333333336,3.422222222222217,0.1632653061224489
positional_entropy,mpnn_soluble_vs_mpnn_soluble_hbond_protected,delta_q_density=+24,7,wilcoxon_signed_rank,1.0,0.03125,0.3549413681030273,-0.1981165571531127,-0.297749154076214,-0.0454222602069827,-0.673469387755102
designable_coverage,mpnn_soluble_vs_mpnn_soluble_hbond_protected,delta_q_density=+24,7,wilcoxon_signed_rank,0.0,0.015625,0.1875,-0.2419106317411402,-0.2948717948717948,-0.090566037735849,-0.9183673469387756
hit_any,mpnn_soluble_vs_mpnn_vanilla_weights,all,200,"mcnemar_exact(b=0,c=0); wilson ref [0.981,1.000] cmp [0.981,1.000]",,1.0,1.0,0.0,,,0.0
hit_rate,mpnn_soluble_vs_mpnn_vanilla_weights,all,200,wilcoxon_signed_rank,,1.0,1.0,0.0,,,0.0
median_mut_per_charge,mpnn_soluble_vs_mpnn_vanilla_weights,all,200,wilcoxon_signed_rank,1491.0,9.664603501439229e-08,3.5759032955325137e-06,0.0,,,0.1584
median_d_reu_per_res,mpnn_soluble_vs_mpnn_vanilla_weights,all,104,wilcoxon_signed_rank,2634.0,0.7555653362520258,1.0,-0.0052748692101917,-0.016348782037527,0.0041696477100164,-0.0264423076923076
median_d_hbond_strong,mpnn_soluble_vs_mpnn_vanilla_weights,all,104,wilcoxon_signed_rank,1216.0,0.0104910248470389,0.1888384472467012,-0.25,-1.0,0.0,-0.1108542899408284
median_d_plddt_vs_wt_pred,mpnn_soluble_vs_mpnn_vanilla_weights,all,200,wilcoxon_signed_rank,7875.0,0.0079574442331627,0.2705531039275332,-0.1724922650165261,-0.479131941200297,-0.0337502533185052,-0.044
median_tm_score_to_wt_crystal,mpnn_soluble_vs_mpnn_vanilla_weights,all,200,wilcoxon_signed_rank,9513.0,0.5123187881831309,1.0,-4.711625742487291e-05,-0.0006961116822277,0.0008811061777056,-0.01925
n_unique_mutation_sets,mpnn_soluble_vs_mpnn_vanilla_weights,all,200,wilcoxon_signed_rank,59.5,0.0072413401329447,0.1839599822701168,0.0,,,0.0514
mean_pairwise_hamming,mpnn_soluble_vs_mpnn_vanilla_weights,all,200,wilcoxon_signed_rank,6497.5,2.192121687203552e-05,0.0003507394699525,1.011111111111111,0.5333333333333332,1.244444444444444,0.109625
positional_entropy,mpnn_soluble_vs_mpnn_vanilla_weights,all,200,wilcoxon_signed_rank,7056.0,0.0002590029111788,0.0038850436676833,0.0282972971611798,0.0152639238332211,0.0393197507845495,0.1081
designable_coverage,mpnn_soluble_vs_mpnn_vanilla_weights,all,200,wilcoxon_signed_rank,4057.5,2.8223748906785667e-10,1.1571737051782125e-08,0.0397012578616352,0.0249999999999999,0.0542997542997543,0.1817
hit_any,mpnn_soluble_vs_mpnn_vanilla_weights,delta_q_density=-24,25,"mcnemar_exact(b=0,c=0); wilson ref [0.867,1.000] cmp [0.867,1.000]",,1.0,1.0,0.0,,,0.0
hit_rate,mpnn_soluble_vs_mpnn_vanilla_weights,delta_q_density=-24,25,wilcoxon_signed_rank,,1.0,1.0,0.0,,,0.0
median_mut_per_charge,mpnn_soluble_vs_mpnn_vanilla_weights,delta_q_density=-24,25,wilcoxon_signed_rank,70.0,0.3142913522358732,1.0,0.0,,,0.0752
median_d_plddt_vs_wt_pred,mpnn_soluble_vs_mpnn_vanilla_weights,delta_q_density=-24,25,wilcoxon_signed_rank,161.0,0.978915274143219,1.0,0.1408252427184635,-1.224230769230779,0.9083450704225484,0.0208
median_tm_score_to_wt_crystal,mpnn_soluble_vs_mpnn_vanilla_weights,delta_q_density=-24,25,wilcoxon_signed_rank,131.0,0.4107651710510254,1.0,-0.0005097637325475,-0.0075856335098439,0.0023758062333576,-0.0272
n_unique_mutation_sets,mpnn_soluble_vs_mpnn_vanilla_weights,delta_q_density=-24,25,wilcoxon_signed_rank,,1.0,1.0,0.0,,,0.0
mean_pairwise_hamming,mpnn_soluble_vs_mpnn_vanilla_weights,delta_q_density=-24,25,wilcoxon_signed_rank,64.0,0.0067255496978759,0.0941576957702636,-4.422222222222221,-6.044444444444444,-0.3111111111111109,-0.3632
positional_entropy,mpnn_soluble_vs_mpnn_vanilla_weights,delta_q_density=-24,25,wilcoxon_signed_rank,62.0,0.0055788159370422,0.0781034231185913,-0.1437103495091313,-0.1865264194391758,-0.0146212225405085,-0.4176
designable_coverage,mpnn_soluble_vs_mpnn_vanilla_weights,delta_q_density=-24,25,wilcoxon_signed_rank,109.0,0.2414265533820444,0.4828531067640889,-0.0298507462686566,-0.1186440677966101,0.0188679245283018,-0.0912
hit_any,mpnn_soluble_vs_mpnn_vanilla_weights,delta_q_density=-16,25,"mcnemar_exact(b=0,c=0); wilson ref [0.867,1.000] cmp [0.867,1.000]",,1.0,1.0,0.0,,,0.0
hit_rate,mpnn_soluble_vs_mpnn_vanilla_weights,delta_q_density=-16,25,wilcoxon_signed_rank,,1.0,1.0,0.0,,,0.0
median_mut_per_charge,mpnn_soluble_vs_mpnn_vanilla_weights,delta_q_density=-16,25,wilcoxon_signed_rank,17.0,0.2845026979112075,1.0,0.0,,,0.0512
median_d_reu_per_res,mpnn_soluble_vs_mpnn_vanilla_weights,delta_q_density=-16,25,wilcoxon_signed_rank,139.0,0.5424043536186218,1.0,-0.0010127782197614,-0.0200525394262384,0.0308593834494876,0.056
median_d_hbond_strong,mpnn_soluble_vs_mpnn_vanilla_weights,delta_q_density=-16,25,wilcoxon_signed_rank,84.0,0.4296525899411918,1.0,0.0,-1.0,1.0,-0.056
median_d_plddt_vs_wt_pred,mpnn_soluble_vs_mpnn_vanilla_weights,delta_q_density=-16,25,wilcoxon_signed_rank,130.0,0.3957113623619079,1.0,-0.1287500000000108,-1.320457746478894,0.5717910447761483,-0.0208
median_tm_score_to_wt_crystal,mpnn_soluble_vs_mpnn_vanilla_weights,delta_q_density=-16,25,wilcoxon_signed_rank,116.0,0.2199863791465759,1.0,-0.0007140678327656,-0.0203950997299726,0.0017296580046025,-0.0592
n_unique_mutation_sets,mpnn_soluble_vs_mpnn_vanilla_weights,delta_q_density=-16,25,wilcoxon_signed_rank,1.5,0.4142161782425252,1.0,0.0,,,0.0416
mean_pairwise_hamming,mpnn_soluble_vs_mpnn_vanilla_weights,delta_q_density=-16,25,wilcoxon_signed_rank,135.0,0.4741646647453308,1.0,0.3333333333333321,-1.0444444444444445,2.577777777777777,0.0624
positional_entropy,mpnn_soluble_vs_mpnn_vanilla_weights,delta_q_density=-16,25,wilcoxon_signed_rank,146.0,0.6720751523971558,1.0,0.0077604767943983,-0.0287480453213364,0.0691442641561002,0.0432
designable_coverage,mpnn_soluble_vs_mpnn_vanilla_weights,delta_q_density=-16,25,wilcoxon_signed_rank,100.0,0.1531274510196695,0.4593823530590085,0.0374999999999999,-0.0119047619047619,0.0874999999999999,0.2176
hit_any,mpnn_soluble_vs_mpnn_vanilla_weights,delta_q_density=-8,25,"mcnemar_exact(b=0,c=0); wilson ref [0.867,1.000] cmp [0.867,1.000]",,1.0,1.0,0.0,,,0.0
hit_rate,mpnn_soluble_vs_mpnn_vanilla_weights,delta_q_density=-8,25,wilcoxon_signed_rank,,1.0,1.0,0.0,,,0.0
median_mut_per_charge,mpnn_soluble_vs_mpnn_vanilla_weights,delta_q_density=-8,25,wilcoxon_signed_rank,7.5,0.0229673329647875,0.6430853230140514,0.0,,,0.2176
median_d_reu_per_res,mpnn_soluble_vs_mpnn_vanilla_weights,delta_q_density=-8,25,wilcoxon_signed_rank,105.0,0.1266481280326843,1.0,0.0187583862757717,-0.0084919451437763,0.0387510827162788,0.1232
median_d_hbond_strong,mpnn_soluble_vs_mpnn_vanilla_weights,delta_q_density=-8,25,wilcoxon_signed_rank,109.0,0.8187398367654553,1.0,0.0,,,-0.048
median_d_plddt_vs_wt_pred,mpnn_soluble_vs_mpnn_vanilla_weights,delta_q_density=-8,25,wilcoxon_signed_rank,103.0,0.1134914755821228,1.0,-0.2357352941176671,-0.9961046511628032,-0.0537623762376142,-0.1392
median_tm_score_to_wt_crystal,mpnn_soluble_vs_mpnn_vanilla_weights,delta_q_density=-8,25,wilcoxon_signed_rank,129.0,0.3809836506843567,1.0,-0.0001703434787253,-0.0050893600626396,0.001218818347632,-0.0144
n_unique_mutation_sets,mpnn_soluble_vs_mpnn_vanilla_weights,delta_q_density=-8,25,wilcoxon_signed_rank,0.0,0.1088094300405456,1.0,0.0,,,0.12
mean_pairwise_hamming,mpnn_soluble_vs_mpnn_vanilla_weights,delta_q_density=-8,25,wilcoxon_signed_rank,1.0,1.1920928955078125e-07,2.5033950805664062e-06,3.133333333333333,2.222222222222223,3.622222222222223,0.696
positional_entropy,mpnn_soluble_vs_mpnn_vanilla_weights,delta_q_density=-8,25,wilcoxon_signed_rank,2.0,1.788139343261719e-07,3.3974647521972656e-06,0.0801968288362492,0.050784999842759,0.1050408822042683,0.7472
designable_coverage,mpnn_soluble_vs_mpnn_vanilla_weights,delta_q_density=-8,25,wilcoxon_signed_rank,9.0,5.611681145243512e-05,0.0008417521717865,0.0634920634920634,0.0476190476190476,0.0757575757575757,0.6192
hit_any,mpnn_soluble_vs_mpnn_vanilla_weights,delta_q_density=-4,25,"mcnemar_exact(b=0,c=0); wilson ref [0.867,1.000] cmp [0.867,1.000]",,1.0,1.0,0.0,,,0.0
hit_rate,mpnn_soluble_vs_mpnn_vanilla_weights,delta_q_density=-4,25,wilcoxon_signed_rank,,1.0,1.0,0.0,,,0.0
median_mut_per_charge,mpnn_soluble_vs_mpnn_vanilla_weights,delta_q_density=-4,25,wilcoxon_signed_rank,22.5,0.1950228326745332,1.0,0.0,,,0.128
median_d_plddt_vs_wt_pred,mpnn_soluble_vs_mpnn_vanilla_weights,delta_q_density=-4,25,wilcoxon_signed_rank,148.0,0.7111607789993286,1.0,-0.0008333333333612,-0.429064748201462,0.2619565217391226,-0.104
median_tm_score_to_wt_crystal,mpnn_soluble_vs_mpnn_vanilla_weights,delta_q_density=-4,25,wilcoxon_signed_rank,159.0,0.936802864074707,1.0,-0.0002968832346187,-0.0024165439907886,0.0012537121388479,0.008
n_unique_mutation_sets,mpnn_soluble_vs_mpnn_vanilla_weights,delta_q_density=-4,25,wilcoxon_signed_rank,12.0,0.0534630145734545,1.0,0.0,,,0.2448
mean_pairwise_hamming,mpnn_soluble_vs_mpnn_vanilla_weights,delta_q_density=-4,25,wilcoxon_signed_rank,0.0,5.960464477539064e-08,2.5033950805664062e-06,1.2666666666666666,1.022222222222222,1.933333333333333,0.6368
positional_entropy,mpnn_soluble_vs_mpnn_vanilla_weights,delta_q_density=-4,25,wilcoxon_signed_rank,0.0,5.960464477539064e-08,2.5033950805664062e-06,0.0390288422071977,0.0327590927351397,0.0647121515523207,0.6704
designable_coverage,mpnn_soluble_vs_mpnn_vanilla_weights,delta_q_density=-4,25,wilcoxon_signed_rank,0.0,5.960464477539064e-08,2.384185791015625e-06,0.0895522388059702,0.0675675675675676,0.1129032258064516,0.7968
hit_any,mpnn_soluble_vs_mpnn_vanilla_weights,delta_q_density=+4,25,"mcnemar_exact(b=0,c=0); wilson ref [0.867,1.000] cmp [0.867,1.000]",,1.0,1.0,0.0,,,0.0
hit_rate,mpnn_soluble_vs_mpnn_vanilla_weights,delta_q_density=+4,25,wilcoxon_signed_rank,,1.0,1.0,0.0,,,0.0
median_mut_per_charge,mpnn_soluble_vs_mpnn_vanilla_weights,delta_q_density=+4,25,wilcoxon_signed_rank,30.5,0.0933087710040063,1.0,0.0,,,0.2256
median_d_plddt_vs_wt_pred,mpnn_soluble_vs_mpnn_vanilla_weights,delta_q_density=+4,25,wilcoxon_signed_rank,140.0,0.5601714849472046,1.0,-0.0535148514851187,-0.865326086956482,0.1363028169014413,0.0272
median_tm_score_to_wt_crystal,mpnn_soluble_vs_mpnn_vanilla_weights,delta_q_density=+4,25,wilcoxon_signed_rank,86.0,0.0393387079238891,1.0,0.0031044888382705,-0.0002008091457555,0.0058167009043087,0.0304
n_unique_mutation_sets,mpnn_soluble_vs_mpnn_vanilla_weights,delta_q_density=+4,25,wilcoxon_signed_rank,2.0,0.2568392579578565,1.0,0.0,,,0.0464
mean_pairwise_hamming,mpnn_soluble_vs_mpnn_vanilla_weights,delta_q_density=+4,25,wilcoxon_signed_rank,68.0,0.0190999384227031,0.2291992610724378,0.2444444444444435,0.0444444444444442,0.7111111111111108,0.2384
positional_entropy,mpnn_soluble_vs_mpnn_vanilla_weights,delta_q_density=+4,25,wilcoxon_signed_rank,82.0,0.0295784473419189,0.3549413681030273,0.0123147336646186,-0.0022887288533764,0.0267850188636245,0.248
designable_coverage,mpnn_soluble_vs_mpnn_vanilla_weights,delta_q_density=+4,25,wilcoxon_signed_rank,47.0,0.0172704453464941,0.1875,0.0135135135135135,0.0,0.0454545454545454,0.3312
hit_any,mpnn_soluble_vs_mpnn_vanilla_weights,delta_q_density=+8,25,"mcnemar_exact(b=0,c=0); wilson ref [0.867,1.000] cmp [0.867,1.000]",,1.0,1.0,0.0,,,0.0
hit_rate,mpnn_soluble_vs_mpnn_vanilla_weights,delta_q_density=+8,25,wilcoxon_signed_rank,,1.0,1.0,0.0,,,0.0
median_mut_per_charge,mpnn_soluble_vs_mpnn_vanilla_weights,delta_q_density=+8,25,wilcoxon_signed_rank,39.5,0.0254603244963634,0.6874287614018136,0.0714285714285714,0.0,0.0909090909090909,0.2048
median_d_reu_per_res,mpnn_soluble_vs_mpnn_vanilla_weights,delta_q_density=+8,25,wilcoxon_signed_rank,149.0,0.7309892177581787,1.0,-0.0117239861185512,-0.0296263150971066,0.0142028889316127,-0.1424
median_d_hbond_strong,mpnn_soluble_vs_mpnn_vanilla_weights,delta_q_density=+8,25,wilcoxon_signed_rank,66.0,0.1418096070003354,1.0,-1.0,-2.0,0.0,-0.1472
median_d_plddt_vs_wt_pred,mpnn_soluble_vs_mpnn_vanilla_weights,delta_q_density=+8,25,wilcoxon_signed_rank,126.0,0.3387878537178039,1.0,-0.5410606060606042,-1.112407407407396,0.8993518518518826,-0.0368
median_tm_score_to_wt_crystal,mpnn_soluble_vs_mpnn_vanilla_weights,delta_q_density=+8,25,wilcoxon_signed_rank,148.0,0.7111607789993286,1.0,0.0010681359859978,-0.0022213194526997,0.0036398219456084,-0.024
n_unique_mutation_sets,mpnn_soluble_vs_mpnn_vanilla_weights,delta_q_density=+8,25,wilcoxon_signed_rank,1.5,1.0,1.0,0.0,,,0.0
mean_pairwise_hamming,mpnn_soluble_vs_mpnn_vanilla_weights,delta_q_density=+8,25,wilcoxon_signed_rank,80.5,0.0274794101715087,0.3022735118865967,1.1333333333333333,-0.0666666666666673,2.2222222222222223,0.24
positional_entropy,mpnn_soluble_vs_mpnn_vanilla_weights,delta_q_density=+8,25,wilcoxon_signed_rank,96.0,0.0754795670509338,0.6038365364074707,0.0435394823865718,-0.0020474055867225,0.0605412170418361,0.1872
designable_coverage,mpnn_soluble_vs_mpnn_vanilla_weights,delta_q_density=+8,25,wilcoxon_signed_rank,32.0,0.0021534805723585,0.0301487280130192,0.0476190476190475,0.0,0.0655737704918033,0.3536
hit_any,mpnn_soluble_vs_mpnn_vanilla_weights,delta_q_density=+16,25,"mcnemar_exact(b=0,c=0); wilson ref [0.867,1.000] cmp [0.867,1.000]",,1.0,1.0,0.0,,,0.0
hit_rate,mpnn_soluble_vs_mpnn_vanilla_weights,delta_q_density=+16,25,wilcoxon_signed_rank,,1.0,1.0,0.0,,,0.0
median_mut_per_charge,mpnn_soluble_vs_mpnn_vanilla_weights,delta_q_density=+16,25,wilcoxon_signed_rank,18.0,0.0056113597780145,0.1739521531184503,0.0238095238095238,0.0,0.0555555555555555,0.2032
median_d_reu_per_res,mpnn_soluble_vs_mpnn_vanilla_weights,delta_q_density=+16,25,wilcoxon_signed_rank,86.0,0.0393387079238891,0.4327257871627807,-0.0232175534198031,-0.056442252891272,0.0018423485105963,-0.2576
median_d_hbond_strong,mpnn_soluble_vs_mpnn_vanilla_weights,delta_q_density=+16,25,wilcoxon_signed_rank,52.5,0.0270686562256398,0.4330984996102369,-1.0,,,-0.2112
median_d_plddt_vs_wt_pred,mpnn_soluble_vs_mpnn_vanilla_weights,delta_q_density=+16,25,wilcoxon_signed_rank,113.0,0.1908142566680908,1.0,-0.5530970149254272,-3.08213709677422,0.9679207920792336,-0.104
median_tm_score_to_wt_crystal,mpnn_soluble_vs_mpnn_vanilla_weights,delta_q_density=+16,25,wilcoxon_signed_rank,161.0,0.978915274143219,1.0,-5.995534572778016e-05,-0.0032640527238085,0.0085002974708353,-0.0048
n_unique_mutation_sets,mpnn_soluble_vs_mpnn_vanilla_weights,delta_q_density=+16,25,wilcoxon_signed_rank,0.0,0.3173105078629141,1.0,0.0,,,-0.04
mean_pairwise_hamming,mpnn_soluble_vs_mpnn_vanilla_weights,delta_q_density=+16,25,wilcoxon_signed_rank,99.0,0.0903161168098449,0.7225289344787598,0.7333333333333334,-0.6000000000000014,1.7777777777777786,0.152
positional_entropy,mpnn_soluble_vs_mpnn_vanilla_weights,delta_q_density=+16,25,wilcoxon_signed_rank,108.0,0.1484795808792114,0.7423979043960571,0.0337915730582387,-0.0167134563551794,0.0592518966776161,0.2192
designable_coverage,mpnn_soluble_vs_mpnn_vanilla_weights,delta_q_density=+16,25,wilcoxon_signed_rank,62.0,0.0119273761398704,0.1550558898183153,0.0454545454545454,0.0,0.0793650793650793,0.32
hit_any,mpnn_soluble_vs_mpnn_vanilla_weights,delta_q_density=+24,25,"mcnemar_exact(b=0,c=0); wilson ref [0.867,1.000] cmp [0.867,1.000]",,1.0,1.0,0.0,,,0.0
hit_rate,mpnn_soluble_vs_mpnn_vanilla_weights,delta_q_density=+24,25,wilcoxon_signed_rank,,1.0,1.0,0.0,,,0.0
median_mut_per_charge,mpnn_soluble_vs_mpnn_vanilla_weights,delta_q_density=+24,25,wilcoxon_signed_rank,19.5,0.0382529138234929,0.9563228455873232,0.0,,,0.12
median_d_plddt_vs_wt_pred,mpnn_soluble_vs_mpnn_vanilla_weights,delta_q_density=+24,25,wilcoxon_signed_rank,87.0,0.0421501994132995,1.0,-0.3122674418604561,-2.7866304347826194,-0.0358018867924485,-0.1328
median_tm_score_to_wt_crystal,mpnn_soluble_vs_mpnn_vanilla_weights,delta_q_density=+24,25,wilcoxon_signed_rank,122.0,0.2872292995452881,1.0,-0.0015258828034179,-0.023603329405875,0.000967301007017,-0.056
n_unique_mutation_sets,mpnn_soluble_vs_mpnn_vanilla_weights,delta_q_density=+24,25,wilcoxon_signed_rank,,1.0,1.0,0.0,,,0.0
mean_pairwise_hamming,mpnn_soluble_vs_mpnn_vanilla_weights,delta_q_density=+24,25,wilcoxon_signed_rank,146.5,0.6915188431739807,1.0,0.5333333333333332,-0.3333333333333321,1.6888888888888882,-0.0064
positional_entropy,mpnn_soluble_vs_mpnn_vanilla_weights,delta_q_density=+24,25,wilcoxon_signed_rank,154.0,0.8325093984603882,1.0,0.0097880677183226,-0.0192986555349203,0.0498221735825176,-0.0336
designable_coverage,mpnn_soluble_vs_mpnn_vanilla_weights,delta_q_density=+24,25,wilcoxon_signed_rank,92.0,0.2626860925759784,0.4828531067640889,0.0113636363636363,-0.0149253731343282,0.0416666666666666,0.12
hit_any,mpnn_soluble_vs_random_control,all,200,"mcnemar_exact(b=0,c=0); wilson ref [0.981,1.000] cmp [0.981,1.000]",,1.0,1.0,0.0,,,0.0
hit_rate,mpnn_soluble_vs_random_control,all,200,wilcoxon_signed_rank,,1.0,1.0,0.0,,,0.0
median_mut_per_charge,mpnn_soluble_vs_random_control,all,200,wilcoxon_signed_rank,4044.0,0.2304329725153241,1.0,0.0,,,0.03255
median_d_reu_per_res,mpnn_soluble_vs_random_control,all,104,wilcoxon_signed_rank,214.0,3.3807966793768663e-16,8.451991698442166e-15,-0.0753483258159455,-0.0874324509929502,-0.0632474912269056,-0.5961538461538461
median_d_hbond_strong,mpnn_soluble_vs_random_control,all,104,wilcoxon_signed_rank,1970.0,0.753597273180594,1.0,0.0,,,-0.0271819526627218
median_d_plddt_vs_wt_pred,mpnn_soluble_vs_random_control,all,200,wilcoxon_signed_rank,3331.0,2.437627185115701e-16,1.0969322333020656e-14,1.3203110070112274,0.952120000000015,1.5642315466875236,0.21445
median_tm_score_to_wt_crystal,mpnn_soluble_vs_random_control,all,200,wilcoxon_signed_rank,4788.0,1.3579579482933358e-10,6.1108107673200116e-09,0.0056927504248158,0.0037609612866622,0.00970595936959,0.06875
n_unique_mutation_sets,mpnn_soluble_vs_random_control,all,200,wilcoxon_signed_rank,0.0,0.0066556054829493,0.1797013480396331,0.0,,,-0.04
mean_pairwise_hamming,mpnn_soluble_vs_random_control,all,200,wilcoxon_signed_rank,36.0,2.4670580613433275e-34,1.0608349663776307e-32,-7.2555555555555555,-9.22222222222222,-5.766666666666667,-0.552275
positional_entropy,mpnn_soluble_vs_random_control,all,200,wilcoxon_signed_rank,14.0,1.772994382382529e-34,7.623875844244876e-33,-0.2827250395504745,-0.3464542658515744,-0.230213996425128,-0.62905
designable_coverage,mpnn_soluble_vs_random_control,all,200,wilcoxon_signed_rank,21.0,2.8766343276729166e-34,1.236952760899354e-32,-0.2572727272727272,-0.2777777777777778,-0.2254032258064516,-0.710775
hit_any,mpnn_soluble_vs_random_control,delta_q_density=-24,25,"mcnemar_exact(b=0,c=0); wilson ref [0.867,1.000] cmp [0.867,1.000]",,1.0,1.0,0.0,,,0.0
hit_rate,mpnn_soluble_vs_random_control,delta_q_density=-24,25,wilcoxon_signed_rank,,1.0,1.0,0.0,,,0.0
median_mut_per_charge,mpnn_soluble_vs_random_control,delta_q_density=-24,25,wilcoxon_signed_rank,50.5,0.0417631840054403,0.9563228455873232,0.0,-0.0333333333333333,0.0277777777777777,-0.0992
median_d_plddt_vs_wt_pred,mpnn_soluble_vs_random_control,delta_q_density=-24,25,wilcoxon_signed_rank,4.0,4.172325134277344e-07,1.7940998077392578e-05,3.029769736842056,2.066373626373625,5.986274509803913,0.3984
median_tm_score_to_wt_crystal,mpnn_soluble_vs_random_control,delta_q_density=-24,25,wilcoxon_signed_rank,28.0,8.803606033325195e-05,0.0037855505943298,0.0370912172716136,0.0064340050763131,0.1023398223995357,0.1808
n_unique_mutation_sets,mpnn_soluble_vs_random_control,delta_q_density=-24,25,wilcoxon_signed_rank,,1.0,1.0,0.0,,,0.0
mean_pairwise_hamming,mpnn_soluble_vs_random_control,delta_q_density=-24,25,wilcoxon_signed_rank,0.0,5.960464477539064e-08,2.5033950805664062e-06,-20.622222222222224,-23.133333333333333,-15.466666666666663,-1.0
positional_entropy,mpnn_soluble_vs_random_control,delta_q_density=-24,25,wilcoxon_signed_rank,0.0,5.960464477539064e-08,2.5033950805664062e-06,-0.6942918749035334,-0.8038147829588687,-0.6195463722232137,-1.0
designable_coverage,mpnn_soluble_vs_random_control,delta_q_density=-24,25,wilcoxon_signed_rank,0.0,1.821529714896801e-05,0.0002914447543834,-0.2380952380952382,-0.2777777777777778,-0.2131147540983606,-0.9264
hit_any,mpnn_soluble_vs_random_control,delta_q_density=-16,25,"mcnemar_exact(b=0,c=0); wilson ref [0.867,1.000] cmp [0.867,1.000]",,1.0,1.0,0.0,,,0.0
hit_rate,mpnn_soluble_vs_random_control,delta_q_density=-16,25,wilcoxon_signed_rank,,1.0,1.0,0.0,,,0.0
median_mut_per_charge,mpnn_soluble_vs_random_control,delta_q_density=-16,25,wilcoxon_signed_rank,38.0,0.0385566775056669,0.9563228455873232,-0.0277777777777777,-0.0499999999999999,0.0,-0.176
median_d_reu_per_res,mpnn_soluble_vs_random_control,delta_q_density=-16,25,wilcoxon_signed_rank,3.0,2.980232238769531e-07,6.556510925292969e-06,-0.1373266841633011,-0.1847602073385484,-0.1165921914042155,-0.776
median_d_hbond_strong,mpnn_soluble_vs_random_control,delta_q_density=-16,25,wilcoxon_signed_rank,112.5,0.647236742644139,1.0,0.0,,,-0.0624
median_d_plddt_vs_wt_pred,mpnn_soluble_vs_random_control,delta_q_density=-16,25,wilcoxon_signed_rank,12.0,4.172325134277344e-06,0.0001752376556396,2.2496830985915395,1.4891279069767407,3.546964285714296,0.3376
median_tm_score_to_wt_crystal,mpnn_soluble_vs_random_control,delta_q_density=-16,25,wilcoxon_signed_rank,67.0,0.0088223218917846,0.344070553779602,0.0114511795645291,0.0014486729170736,0.0187612558420927,0.0688
n_unique_mutation_sets,mpnn_soluble_vs_random_control,delta_q_density=-16,25,wilcoxon_signed_rank,0.0,0.3173105078629141,1.0,0.0,,,-0.04
mean_pairwise_hamming,mpnn_soluble_vs_random_control,delta_q_density=-16,25,wilcoxon_signed_rank,0.0,5.960464477539064e-08,2.5033950805664062e-06,-14.933333333333334,-17.71111111111111,-9.466666666666669,-0.9984
positional_entropy,mpnn_soluble_vs_random_control,delta_q_density=-16,25,wilcoxon_signed_rank,0.0,5.960464477539064e-08,2.5033950805664062e-06,-0.5112190205342284,-0.6393184238200686,-0.4124093666526399,-1.0
designable_coverage,mpnn_soluble_vs_random_control,delta_q_density=-16,25,wilcoxon_signed_rank,0.0,5.960464477539064e-08,2.384185791015625e-06,-0.3278688524590163,-0.3559322033898305,-0.2777777777777778,-1.0
hit_any,mpnn_soluble_vs_random_control,delta_q_density=-8,25,"mcnemar_exact(b=0,c=0); wilson ref [0.867,1.000] cmp [0.867,1.000]",,1.0,1.0,0.0,,,0.0
hit_rate,mpnn_soluble_vs_random_control,delta_q_density=-8,25,wilcoxon_signed_rank,,1.0,1.0,0.0,,,0.0
median_mut_per_charge,mpnn_soluble_vs_random_control,delta_q_density=-8,25,wilcoxon_signed_rank,31.0,0.3106012563000855,1.0,0.0,,,-0.0464
median_d_reu_per_res,mpnn_soluble_vs_random_control,delta_q_density=-8,25,wilcoxon_signed_rank,17.0,1.233816146850586e-05,0.0002220869064331,-0.0718416101328352,-0.0800753141341669,-0.0427244682467031,-0.6288
median_d_hbond_strong,mpnn_soluble_vs_random_control,delta_q_density=-8,25,wilcoxon_signed_rank,100.0,0.3864550963539167,1.0,-1.0,-2.0,0.0,-0.064
median_d_plddt_vs_wt_pred,mpnn_soluble_vs_random_control,delta_q_density=-8,25,wilcoxon_signed_rank,29.0,0.0001029968261718,0.004119873046875,1.4250000000000005,0.933062500000009,1.9901111111111545,0.3376
median_tm_score_to_wt_crystal,mpnn_soluble_vs_random_control,delta_q_density=-8,25,wilcoxon_signed_rank,52.0,0.0020251274108886,0.0830302238464355,0.0057812099695737,0.0025356897533603,0.0246046549576923,0.088
n_unique_mutation_sets,mpnn_soluble_vs_random_control,delta_q_density=-8,25,wilcoxon_signed_rank,,1.0,1.0,0.0,,,0.0
mean_pairwise_hamming,mpnn_soluble_vs_random_control,delta_q_density=-8,25,wilcoxon_signed_rank,0.0,5.960464477539064e-08,2.5033950805664062e-06,-5.0444444444444425,-5.999999999999999,-2.844444444444445,-0.792
positional_entropy,mpnn_soluble_vs_random_control,delta_q_density=-8,25,wilcoxon_signed_rank,0.0,5.960464477539064e-08,2.5033950805664062e-06,-0.2168259946997678,-0.2492920225683862,-0.1518049610249129,-0.9296
designable_coverage,mpnn_soluble_vs_random_control,delta_q_density=-8,25,wilcoxon_signed_rank,0.0,5.960464477539064e-08,2.384185791015625e-06,-0.3,-0.3606557377049181,-0.2258064516129032,-1.0
hit_any,mpnn_soluble_vs_random_control,delta_q_density=-4,25,"mcnemar_exact(b=0,c=0); wilson ref [0.867,1.000] cmp [0.867,1.000]",,1.0,1.0,0.0,,,0.0
hit_rate,mpnn_soluble_vs_random_control,delta_q_density=-4,25,wilcoxon_signed_rank,,1.0,1.0,0.0,,,0.0
median_mut_per_charge,mpnn_soluble_vs_random_control,delta_q_density=-4,25,wilcoxon_signed_rank,46.0,0.6824986356283287,1.0,0.0,,,0.1008
median_d_plddt_vs_wt_pred,mpnn_soluble_vs_random_control,delta_q_density=-4,25,wilcoxon_signed_rank,70.0,0.0114533305168151,0.3779599070549011,0.5366483516483456,0.1422535211267686,1.0402302631578737,0.2992
median_tm_score_to_wt_crystal,mpnn_soluble_vs_random_control,delta_q_density=-4,25,wilcoxon_signed_rank,101.0,0.1013973951339721,1.0,0.0017849874458643,0.0001924342146158,0.0049076587824675,0.0432
n_unique_mutation_sets,mpnn_soluble_vs_random_control,delta_q_density=-4,25,wilcoxon_signed_rank,0.0,0.1024704348597493,1.0,0.0,,,-0.12
mean_pairwise_hamming,mpnn_soluble_vs_random_control,delta_q_density=-4,25,wilcoxon_signed_rank,12.0,4.172325134277344e-06,7.092952728271484e-05,-0.9555555555555556,-1.7777777777777786,-0.6888888888888891,-0.3248
positional_entropy,mpnn_soluble_vs_random_control,delta_q_density=-4,25,wilcoxon_signed_rank,4.0,4.172325134277344e-07,7.092952728271484e-06,-0.0575720771087922,-0.0981244971391157,-0.0388842328583049,-0.488
designable_coverage,mpnn_soluble_vs_random_control,delta_q_density=-4,25,wilcoxon_signed_rank,7.0,1.132488250732422e-06,1.925230026245117e-05,-0.1746031746031746,-0.2181818181818181,-0.1016949152542373,-0.7984
hit_any,mpnn_soluble_vs_random_control,delta_q_density=+4,25,"mcnemar_exact(b=0,c=0); wilson ref [0.867,1.000] cmp [0.867,1.000]",,1.0,1.0,0.0,,,0.0
hit_rate,mpnn_soluble_vs_random_control,delta_q_density=+4,25,wilcoxon_signed_rank,,1.0,1.0,0.0,,,0.0
median_mut_per_charge,mpnn_soluble_vs_random_control,delta_q_density=+4,25,wilcoxon_signed_rank,35.0,0.1550515856228589,1.0,0.0,0.0,0.0833333333333334,0.1728
median_d_plddt_vs_wt_pred,mpnn_soluble_vs_random_control,delta_q_density=+4,25,wilcoxon_signed_rank,93.0,0.0626264214515686,1.0,0.467338129496298,0.0547969543147743,0.964370370370382,0.1424
median_tm_score_to_wt_crystal,mpnn_soluble_vs_random_control,delta_q_density=+4,25,wilcoxon_signed_rank,119.0,0.2521039247512817,1.0,0.0014453528236479,-0.0015996873843657,0.0024139315867652,0.0272
n_unique_mutation_sets,mpnn_soluble_vs_random_control,delta_q_density=+4,25,wilcoxon_signed_rank,0.0,0.157299207050285,1.0,0.0,,,-0.08
mean_pairwise_hamming,mpnn_soluble_vs_random_control,delta_q_density=+4,25,wilcoxon_signed_rank,9.0,1.96695327758789e-06,3.540515899658203e-05,-1.1111111111111107,-1.9111111111111103,-0.7777777777777777,-0.4304
positional_entropy,mpnn_soluble_vs_random_control,delta_q_density=+4,25,wilcoxon_signed_rank,3.0,2.980232238769531e-07,5.364418029785156e-06,-0.0598438791640031,-0.0728938921497338,-0.0397889454250076,-0.632
designable_coverage,mpnn_soluble_vs_random_control,delta_q_density=+4,25,wilcoxon_signed_rank,3.0,2.980232238769531e-07,5.364418029785156e-06,-0.1666666666666666,-0.2096774193548387,-0.125,-0.9472
hit_any,mpnn_soluble_vs_random_control,delta_q_density=+8,25,"mcnemar_exact(b=0,c=0); wilson ref [0.867,1.000] cmp [0.867,1.000]",,1.0,1.0,0.0,,,0.0
hit_rate,mpnn_soluble_vs_random_control,delta_q_density=+8,25,wilcoxon_signed_rank,,1.0,1.0,0.0,,,0.0
median_mut_per_charge,mpnn_soluble_vs_random_control,delta_q_density=+8,25,wilcoxon_signed_rank,49.0,0.0640685250312829,1.0,0.0454545454545454,0.0,0.0833333333333334,0.1696
median_d_reu_per_res,mpnn_soluble_vs_random_control,delta_q_density=+8,25,wilcoxon_signed_rank,45.0,0.0009118914604187,0.0136783719062805,-0.0443573615790631,-0.0629774750348556,-0.0112302634277852,-0.4848
median_d_hbond_strong,mpnn_soluble_vs_random_control,delta_q_density=+8,25,wilcoxon_signed_rank,92.5,0.637620847570951,1.0,0.0,,,0.024
median_d_plddt_vs_wt_pred,mpnn_soluble_vs_random_control,delta_q_density=+8,25,wilcoxon_signed_rank,112.0,0.1817298531532287,1.0,1.2191007194244534,-0.3411320754717017,2.05992537313432,0.2544
median_tm_score_to_wt_crystal,mpnn_soluble_vs_random_control,delta_q_density=+8,25,wilcoxon_signed_rank,106.0,0.1336400508880615,1.0,0.0040971238800348,-0.0024798629723532,0.0099268213333286,0.0272
n_unique_mutation_sets,mpnn_soluble_vs_random_control,delta_q_density=+8,25,wilcoxon_signed_rank,0.0,0.3173105078629141,1.0,0.0,,,-0.04
mean_pairwise_hamming,mpnn_soluble_vs_random_control,delta_q_density=+8,25,wilcoxon_signed_rank,0.0,5.960464477539064e-08,2.5033950805664062e-06,-4.933333333333335,-7.266666666666666,-2.666666666666668,-0.8064
positional_entropy,mpnn_soluble_vs_random_control,delta_q_density=+8,25,wilcoxon_signed_rank,0.0,5.960464477539064e-08,2.5033950805664062e-06,-0.209834094611195,-0.2829549820139808,-0.1234418227325881,-0.9552
designable_coverage,mpnn_soluble_vs_random_control,delta_q_density=+8,25,wilcoxon_signed_rank,0.0,5.960464477539064e-08,2.384185791015625e-06,-0.3095238095238095,-0.3522727272727272,-0.2641509433962264,-1.0
hit_any,mpnn_soluble_vs_random_control,delta_q_density=+16,25,"mcnemar_exact(b=0,c=0); wilson ref [0.867,1.000] cmp [0.867,1.000]",,1.0,1.0,0.0,,,0.0
hit_rate,mpnn_soluble_vs_random_control,delta_q_density=+16,25,wilcoxon_signed_rank,,1.0,1.0,0.0,,,0.0
median_mut_per_charge,mpnn_soluble_vs_random_control,delta_q_density=+16,25,wilcoxon_signed_rank,60.5,0.0965943475104721,1.0,0.0238095238095238,0.0,0.0454545454545455,0.1232
median_d_reu_per_res,mpnn_soluble_vs_random_control,delta_q_density=+16,25,wilcoxon_signed_rank,3.0,2.980232238769531e-07,6.556510925292969e-06,-0.0841379162544184,-0.1100241652522312,-0.0520829509678642,-0.584
median_d_hbond_strong,mpnn_soluble_vs_random_control,delta_q_density=+16,25,wilcoxon_signed_rank,109.5,0.5776530307622585,1.0,0.0,-1.0,2.0,0.0272
median_d_plddt_vs_wt_pred,mpnn_soluble_vs_random_control,delta_q_density=+16,25,wilcoxon_signed_rank,99.0,0.0903161168098449,1.0,1.1996703296703115,-0.3649599999999999,1.8902830188679136,0.1424
median_tm_score_to_wt_crystal,mpnn_soluble_vs_random_control,delta_q_density=+16,25,wilcoxon_signed_rank,92.0,0.0587515234947204,1.0,0.0096278914649928,0.0004652038507352,0.0658425861926679,0.0752
n_unique_mutation_sets,mpnn_soluble_vs_random_control,delta_q_density=+16,25,wilcoxon_signed_rank,0.0,0.3173105078629141,1.0,0.0,,,-0.04
mean_pairwise_hamming,mpnn_soluble_vs_random_control,delta_q_density=+16,25,wilcoxon_signed_rank,0.0,5.960464477539064e-08,2.5033950805664062e-06,-12.266666666666667,-13.999999999999998,-8.844444444444445,-0.9552
positional_entropy,mpnn_soluble_vs_random_control,delta_q_density=+16,25,wilcoxon_signed_rank,0.0,5.960464477539064e-08,2.5033950805664062e-06,-0.465933567085818,-0.5223926738927386,-0.3593860254116843,-1.0
designable_coverage,mpnn_soluble_vs_random_control,delta_q_density=+16,25,wilcoxon_signed_rank,0.0,5.960464477539064e-08,2.384185791015625e-06,-0.3068181818181819,-0.3625,-0.2599999999999999,-1.0
hit_any,mpnn_soluble_vs_random_control,delta_q_density=+24,25,"mcnemar_exact(b=0,c=0); wilson ref [0.867,1.000] cmp [0.867,1.000]",,1.0,1.0,0.0,,,0.0
hit_rate,mpnn_soluble_vs_random_control,delta_q_density=+24,25,wilcoxon_signed_rank,,1.0,1.0,0.0,,,0.0
median_mut_per_charge,mpnn_soluble_vs_random_control,delta_q_density=+24,25,wilcoxon_signed_rank,65.5,0.8971253901089049,1.0,0.0,,,-0.0208
median_d_plddt_vs_wt_pred,mpnn_soluble_vs_random_control,delta_q_density=+24,25,wilcoxon_signed_rank,60.0,0.0046046376228332,0.165766954421997,1.6533955223881098,0.1494174757281428,2.88151851851849,0.1872
median_tm_score_to_wt_crystal,mpnn_soluble_vs_random_control,delta_q_density=+24,25,wilcoxon_signed_rank,86.0,0.0393387079238891,1.0,0.0098211624920317,0.0023637094358087,0.0480022731102652,0.1264
n_unique_mutation_sets,mpnn_soluble_vs_random_control,delta_q_density=+24,25,wilcoxon_signed_rank,,1.0,1.0,0.0,,,0.0
mean_pairwise_hamming,mpnn_soluble_vs_random_control,delta_q_density=+24,25,wilcoxon_signed_rank,0.0,5.960464477539064e-08,2.5033950805664062e-06,-15.266666666666666,-18.95555555555556,-11.133333333333333,-0.9296
positional_entropy,mpnn_soluble_vs_random_control,delta_q_density=+24,25,wilcoxon_signed_rank,0.0,5.960464477539064e-08,2.5033950805664062e-06,-0.5398168669443051,-0.603040226535655,-0.4567809508384266,-1.0
designable_coverage,mpnn_soluble_vs_random_control,delta_q_density=+24,25,wilcoxon_signed_rank,0.0,5.960464477539064e-08,2.384185791015625e-06,-0.2181818181818182,-0.2837837837837839,-0.1587301587301587,-0.9456
hit_any,mpnn_soluble_vs_rosetta,all,200,"mcnemar_exact(b=59,c=0); wilson ref [0.981,1.000] cmp [0.638,0.764]",59.0,3.469446951953614e-18,1.52655665885959e-16,0.295,,,0.295
hit_rate,mpnn_soluble_vs_rosetta,all,200,wilcoxon_signed_rank,0.0,1.4766457655958412e-34,6.644905945181286e-33,0.8,,,0.99
median_mut_per_charge,mpnn_soluble_vs_rosetta,all,200,wilcoxon_signed_rank,3042.5,1.9476790554905487e-15,8.569787844158416e-14,0.0631127450980392,0.0475605475605476,0.0833333333333333,0.389975
median_d_reu_per_res,mpnn_soluble_vs_rosetta,all,104,wilcoxon_signed_rank,515.0,6.828876050096138e-13,1.6389302520230727e-11,0.0558884280152977,0.0466530958356832,0.067495343578384,0.4691198224852071
median_d_hbond_strong,mpnn_soluble_vs_rosetta,all,104,wilcoxon_signed_rank,1190.0,0.0001288936458835,0.0029645538553216,-1.0,,,-0.2452847633136094
median_d_plddt_vs_wt_pred,mpnn_soluble_vs_rosetta,all,200,wilcoxon_signed_rank,4343.0,3.3189468239846607e-12,1.4603366025532504e-10,-1.2075704225352126,-1.7030357142857473,-0.7936049350510004,-0.2602
median_tm_score_to_wt_crystal,mpnn_soluble_vs_rosetta,all,200,wilcoxon_signed_rank,6642.0,3.205686707362803e-05,0.0014105021512396,-0.0029151139863219,-0.0050708679762733,-0.0011986645702092,-0.0751
n_unique_mutation_sets,mpnn_soluble_vs_rosetta,all,200,wilcoxon_signed_rank,14.0,1.599878137116932e-30,7.039463803314501e-29,3.0,,,0.86305
mean_pairwise_hamming,mpnn_soluble_vs_rosetta,all,200,wilcoxon_signed_rank,0.0,1.4357823695138084e-34,6.460201717132406e-33,6.477777777777778,5.933333333333334,7.133333333333335,0.940375
positional_entropy,mpnn_soluble_vs_rosetta,all,200,wilcoxon_signed_rank,0.0,1.4361464127613523e-34,6.462658857426085e-33,0.2063404704151003,0.1927618339418957,0.2192548684043017,0.9706
designable_coverage,mpnn_soluble_vs_rosetta,all,200,wilcoxon_signed_rank,0.0,1.4355801620904495e-34,6.458837032257976e-33,0.2063492063492062,,,0.80035
hit_any,mpnn_soluble_vs_rosetta,delta_q_density=-24,25,"mcnemar_exact(b=18,c=0); wilson ref [0.867,1.000] cmp [0.143,0.476]",18.0,7.62939453125e-06,0.0003280639648437,0.72,,,0.72
hit_rate,mpnn_soluble_vs_rosetta,delta_q_density=-24,25,wilcoxon_signed_rank,0.0,5.960464477539064e-08,2.562999725341797e-06,1.0,,,1.0
median_mut_per_charge,mpnn_soluble_vs_rosetta,delta_q_density=-24,25,wilcoxon_signed_rank,114.0,0.3036811097223192,1.0,0.0072727272727273,0.0,0.0426470588235294,0.1232
median_d_plddt_vs_wt_pred,mpnn_soluble_vs_rosetta,delta_q_density=-24,25,wilcoxon_signed_rank,21.0,2.664327621459961e-05,0.0010923743247985,-3.4082746478873247,-6.537880000000021,-1.7858139534883757,-0.4624
median_tm_score_to_wt_crystal,mpnn_soluble_vs_rosetta,delta_q_density=-24,25,wilcoxon_signed_rank,63.0,0.0061292052268981,0.2451682090759277,-0.0100077731437796,-0.0410907646933408,-0.0031332972186361,-0.1616
n_unique_mutation_sets,mpnn_soluble_vs_rosetta,delta_q_density=-24,25,wilcoxon_signed_rank,0.0,0.0001225680767012,0.0035544742243359,2.0,0.0,4.0,0.76
mean_pairwise_hamming,mpnn_soluble_vs_rosetta,delta_q_density=-24,25,wilcoxon_signed_rank,0.0,5.960464477539064e-08,2.5033950805664062e-06,7.288888888888889,5.466666666666664,9.377777777777778,0.9296
positional_entropy,mpnn_soluble_vs_rosetta,delta_q_density=-24,25,wilcoxon_signed_rank,0.0,5.960464477539064e-08,2.5033950805664062e-06,0.2357006560645808,0.1869872925972646,0.26671541560009,0.9648
designable_coverage,mpnn_soluble_vs_rosetta,delta_q_density=-24,25,wilcoxon_signed_rank,0.0,5.960464477539064e-08,2.384185791015625e-06,0.3064516129032258,0.2272727272727272,0.3278688524590165,1.0
hit_any,mpnn_soluble_vs_rosetta,delta_q_density=-16,25,"mcnemar_exact(b=13,c=0); wilson ref [0.867,1.000] cmp [0.300,0.665]",13.0,0.000244140625,0.01025390625,0.52,,,0.52
hit_rate,mpnn_soluble_vs_rosetta,delta_q_density=-16,25,wilcoxon_signed_rank,0.0,5.960464477539064e-08,2.562999725341797e-06,1.0,0.9,1.0,1.0
median_mut_per_charge,mpnn_soluble_vs_rosetta,delta_q_density=-16,25,wilcoxon_signed_rank,120.0,0.2634761333465576,1.0,0.0192307692307692,-0.0086580086580086,0.0587991718426501,0.1712
median_d_reu_per_res,mpnn_soluble_vs_rosetta,delta_q_density=-16,25,wilcoxon_signed_rank,4.0,4.172325134277344e-07,8.344650268554688e-06,0.067621706796053,0.0494031126088879,0.1056696547514179,0.6288
median_d_hbond_strong,mpnn_soluble_vs_rosetta,delta_q_density=-16,25,wilcoxon_signed_rank,38.5,0.0072337410942837,0.137441080791392,-3.0,-5.0,-1.0,-0.3456
median_d_plddt_vs_wt_pred,mpnn_soluble_vs_rosetta,delta_q_density=-16,25,wilcoxon_signed_rank,37.0,0.0003290772438049,0.0128340125083923,-2.4461851851852146,-4.564562499999986,-1.1863380281690608,-0.3376
median_tm_score_to_wt_crystal,mpnn_soluble_vs_rosetta,delta_q_density=-16,25,wilcoxon_signed_rank,69.0,0.0105108022689819,0.3994104862213135,-0.0072022728375777,-0.0458855085358482,-0.0005494822979497,-0.1584
n_unique_mutation_sets,mpnn_soluble_vs_rosetta,delta_q_density=-16,25,wilcoxon_signed_rank,0.0,3.49773206713133e-05,0.0010842969408107,3.0,,,0.8736
mean_pairwise_hamming,mpnn_soluble_vs_rosetta,delta_q_density=-16,25,wilcoxon_signed_rank,0.0,5.960464477539064e-08,2.5033950805664062e-06,7.266666666666666,5.866666666666666,8.333333333333332,0.9504
positional_entropy,mpnn_soluble_vs_rosetta,delta_q_density=-16,25,wilcoxon_signed_rank,0.0,5.960464477539064e-08,2.5033950805664062e-06,0.2127352727490789,0.1861949970647654,0.257684095207158,0.9904
designable_coverage,mpnn_soluble_vs_rosetta,delta_q_density=-16,25,wilcoxon_signed_rank,0.0,5.960464477539064e-08,2.384185791015625e-06,0.2297297297297298,0.1818181818181817,0.2641509433962263,0.9824
hit_any,mpnn_soluble_vs_rosetta,delta_q_density=-8,25,"mcnemar_exact(b=5,c=0); wilson ref [0.867,1.000] cmp [0.609,0.911]",5.0,0.0625,1.0,0.1999999999999999,,,0.2
hit_rate,mpnn_soluble_vs_rosetta,delta_q_density=-8,25,wilcoxon_signed_rank,0.0,5.960464477539064e-08,2.562999725341797e-06,0.8,0.7,0.9,1.0
median_mut_per_charge,mpnn_soluble_vs_rosetta,delta_q_density=-8,25,wilcoxon_signed_rank,94.0,0.1095080307011918,1.0,0.0333333333333333,0.0089285714285713,0.0795454545454545,0.2336
median_d_reu_per_res,mpnn_soluble_vs_rosetta,delta_q_density=-8,25,wilcoxon_signed_rank,38.0,0.0003764033317565,0.0060224533081054,0.047414718040483,0.0163327821980183,0.0717661870408669,0.3632
median_d_hbond_strong,mpnn_soluble_vs_rosetta,delta_q_density=-8,25,wilcoxon_signed_rank,139.5,0.7626445817650125,1.0,-1.0,-3.0,0.0,-0.0448
median_d_plddt_vs_wt_pred,mpnn_soluble_vs_rosetta,delta_q_density=-8,25,wilcoxon_signed_rank,88.0,0.0451226830482482,1.0,-0.8505241935483809,-1.6691860465116233,0.2605392156862436,-0.2032
median_tm_score_to_wt_crystal,mpnn_soluble_vs_rosetta,delta_q_density=-8,25,wilcoxon_signed_rank,79.0,0.0236499309539794,0.8750474452972412,-0.0017615710997928,-0.0080328134898542,-0.0001262964895492,-0.024
n_unique_mutation_sets,mpnn_soluble_vs_rosetta,delta_q_density=-8,25,wilcoxon_signed_rank,0.0,1.7250840611220994e-05,0.0005865285807815,4.0,3.0,5.0,0.96
mean_pairwise_hamming,mpnn_soluble_vs_rosetta,delta_q_density=-8,25,wilcoxon_signed_rank,0.0,5.960464477539064e-08,2.5033950805664062e-06,6.644444444444445,5.888888888888888,7.755555555555555,1.0
positional_entropy,mpnn_soluble_vs_rosetta,delta_q_density=-8,25,wilcoxon_signed_rank,0.0,5.960464477539064e-08,2.5033950805664062e-06,0.2036191797173724,0.1834247636146322,0.2275507587131723,1.0
designable_coverage,mpnn_soluble_vs_rosetta,delta_q_density=-8,25,wilcoxon_signed_rank,0.0,5.960464477539064e-08,2.384185791015625e-06,0.1914893617021277,0.1694915254237288,0.2321428571428572,0.9968
hit_any,mpnn_soluble_vs_rosetta,delta_q_density=-4,25,"mcnemar_exact(b=5,c=0); wilson ref [0.867,1.000] cmp [0.609,0.911]",5.0,0.0625,1.0,0.1999999999999999,,,0.2
hit_rate,mpnn_soluble_vs_rosetta,delta_q_density=-4,25,wilcoxon_signed_rank,0.0,5.960464477539064e-08,2.562999725341797e-06,0.7,0.6,0.8,1.0
median_mut_per_charge,mpnn_soluble_vs_rosetta,delta_q_density=-4,25,wilcoxon_signed_rank,44.0,0.0398936343976813,0.9563228455873232,0.0833333333333333,0.0,0.2007305348766901,0.3088
median_d_plddt_vs_wt_pred,mpnn_soluble_vs_rosetta,delta_q_density=-4,25,wilcoxon_signed_rank,128.0,0.3665854334831238,1.0,-0.1333663366336992,-1.2124999999999917,0.3611650485437039,-0.1072
median_tm_score_to_wt_crystal,mpnn_soluble_vs_rosetta,delta_q_density=-4,25,wilcoxon_signed_rank,151.0,0.7711594104766846,1.0,-0.0001894432999813,-0.0023386452061282,0.0049088411351307,0.0272
n_unique_mutation_sets,mpnn_soluble_vs_rosetta,delta_q_density=-4,25,wilcoxon_signed_rank,0.0,1.7336796639612633e-05,0.0005865285807815,5.0,,,0.9504
mean_pairwise_hamming,mpnn_soluble_vs_rosetta,delta_q_density=-4,25,wilcoxon_signed_rank,0.0,5.960464477539064e-08,2.5033950805664062e-06,4.911111111111111,3.7111111111111112,5.711111111111112,0.9968
positional_entropy,mpnn_soluble_vs_rosetta,delta_q_density=-4,25,wilcoxon_signed_rank,0.0,5.960464477539064e-08,2.5033950805664062e-06,0.1404864310300515,0.1288925781732993,0.1723821814653504,1.0
designable_coverage,mpnn_soluble_vs_rosetta,delta_q_density=-4,25,wilcoxon_signed_rank,0.0,5.960464477539064e-08,2.384185791015625e-06,0.1979166666666666,0.1666666666666666,0.2297297297297298,1.0
hit_any,mpnn_soluble_vs_rosetta,delta_q_density=+4,25,"mcnemar_exact(b=4,c=0); wilson ref [0.867,1.000] cmp [0.653,0.936]",4.0,0.125,1.0,0.16,,,0.16
hit_rate,mpnn_soluble_vs_rosetta,delta_q_density=+4,25,wilcoxon_signed_rank,0.0,1.697806458040569e-05,0.0006112103248946,0.7,0.5,0.8,0.96
median_mut_per_charge,mpnn_soluble_vs_rosetta,delta_q_density=+4,25,wilcoxon_signed_rank,18.5,0.0001700292597091,0.005440936310692,0.1666666666666667,0.125,0.25,0.6416
median_d_plddt_vs_wt_pred,mpnn_soluble_vs_rosetta,delta_q_density=+4,25,wilcoxon_signed_rank,134.0,0.457846462726593,1.0,-0.1835211267605387,-0.8547407407407093,0.3532843137255242,-0.184
median_tm_score_to_wt_crystal,mpnn_soluble_vs_rosetta,delta_q_density=+4,25,wilcoxon_signed_rank,112.0,0.1817298531532287,1.0,-0.0017774426086127,-0.0054296810932945,0.0012466051697459,-0.0144
n_unique_mutation_sets,mpnn_soluble_vs_rosetta,delta_q_density=+4,25,wilcoxon_signed_rank,0.0,5.960464477539064e-08,2.562999725341797e-06,5.0,4.0,6.0,0.9968
mean_pairwise_hamming,mpnn_soluble_vs_rosetta,delta_q_density=+4,25,wilcoxon_signed_rank,0.0,5.960464477539064e-08,2.5033950805664062e-06,3.511111111111111,3.111111111111112,4.4,0.9936
positional_entropy,mpnn_soluble_vs_rosetta,delta_q_density=+4,25,wilcoxon_signed_rank,0.0,5.960464477539064e-08,2.5033950805664062e-06,0.1228310788352392,0.1095899274817422,0.1583944912253295,1.0
designable_coverage,mpnn_soluble_vs_rosetta,delta_q_density=+4,25,wilcoxon_signed_rank,0.0,5.960464477539064e-08,2.384185791015625e-06,0.1527777777777778,0.1451612903225806,0.1940298507462687,1.0
hit_any,mpnn_soluble_vs_rosetta,delta_q_density=+8,25,"mcnemar_exact(b=2,c=0); wilson ref [0.867,1.000] cmp [0.750,0.978]",2.0,0.5,1.0,0.0799999999999999,,,0.08
hit_rate,mpnn_soluble_vs_rosetta,delta_q_density=+8,25,wilcoxon_signed_rank,0.0,1.634401017001108e-05,0.0006047283762904,0.7,0.6,0.8,0.96
median_mut_per_charge,mpnn_soluble_vs_rosetta,delta_q_density=+8,25,wilcoxon_signed_rank,19.0,1.829862594604492e-05,0.0006518895118842,0.1428571428571429,0.0964912280701755,0.196969696969697,0.6688
median_d_reu_per_res,mpnn_soluble_vs_rosetta,delta_q_density=+8,25,wilcoxon_signed_rank,58.0,0.0037809014320373,0.0491517186164855,0.0347479266910615,-0.0036003969009097,0.0803533449668806,0.4176
median_d_hbond_strong,mpnn_soluble_vs_rosetta,delta_q_density=+8,25,wilcoxon_signed_rank,91.0,0.15016902213557,1.0,-1.0,,,-0.1984
median_d_plddt_vs_wt_pred,mpnn_soluble_vs_rosetta,delta_q_density=+8,25,wilcoxon_signed_rank,84.0,0.0341737866401672,1.0,-0.620685279187775,-3.732999999999997,-0.011296296296301,-0.2832
median_tm_score_to_wt_crystal,mpnn_soluble_vs_rosetta,delta_q_density=+8,25,wilcoxon_signed_rank,118.0,0.2410664558410644,1.0,-0.0015264006885261,-0.0166623912036238,0.0001384764983743,-0.024
n_unique_mutation_sets,mpnn_soluble_vs_rosetta,delta_q_density=+8,25,wilcoxon_signed_rank,4.5,2.8899798513423832e-05,0.0009247935524295,4.0,3.0,6.0,0.9056
mean_pairwise_hamming,mpnn_soluble_vs_rosetta,delta_q_density=+8,25,wilcoxon_signed_rank,0.0,5.960464477539064e-08,2.5033950805664062e-06,6.111111111111109,3.911111111111111,6.666666666666667,0.9808
positional_entropy,mpnn_soluble_vs_rosetta,delta_q_density=+8,25,wilcoxon_signed_rank,0.0,5.960464477539064e-08,2.5033950805664062e-06,0.1805972645244847,0.1315159846871748,0.2332154429914399,1.0
designable_coverage,mpnn_soluble_vs_rosetta,delta_q_density=+8,25,wilcoxon_signed_rank,0.0,5.960464477539064e-08,2.384185791015625e-06,0.1904761904761904,0.1547619047619048,0.2388059701492537,0.9904
hit_any,mpnn_soluble_vs_rosetta,delta_q_density=+16,25,"mcnemar_exact(b=1,c=0); wilson ref [0.867,1.000] cmp [0.805,0.993]",1.0,1.0,1.0,0.04,,,0.04
hit_rate,mpnn_soluble_vs_rosetta,delta_q_density=+16,25,wilcoxon_signed_rank,0.0,5.960464477539064e-08,2.562999725341797e-06,0.7,0.6,0.8,1.0
median_mut_per_charge,mpnn_soluble_vs_rosetta,delta_q_density=+16,25,wilcoxon_signed_rank,0.0,1.821529714896801e-05,0.0006518895118842,0.1084834834834834,0.0476190476190476,0.1428571428571428,0.5664
median_d_reu_per_res,mpnn_soluble_vs_rosetta,delta_q_density=+16,25,wilcoxon_signed_rank,50.0,0.0016253590583801,0.0227550268173217,0.054916950592302,0.0425361300810971,0.0762940357064113,0.4016
median_d_hbond_strong,mpnn_soluble_vs_rosetta,delta_q_density=+16,25,wilcoxon_signed_rank,51.5,0.0143773133909076,0.2444143276454301,-2.0,-5.0,-1.0,-0.3488
median_d_plddt_vs_wt_pred,mpnn_soluble_vs_rosetta,delta_q_density=+16,25,wilcoxon_signed_rank,65.0,0.0073709487915039,0.2579832077026367,-1.7684701492537016,-5.461116504854374,-0.1966751269035641,-0.3184
median_tm_score_to_wt_crystal,mpnn_soluble_vs_rosetta,delta_q_density=+16,25,wilcoxon_signed_rank,144.0,0.6338268518447876,1.0,-0.0003570103026241,-0.0279972866113992,0.004610662627357,-0.0944
n_unique_mutation_sets,mpnn_soluble_vs_rosetta,delta_q_density=+16,25,wilcoxon_signed_rank,0.0,5.0644723389387845e-05,0.0015193417016816,2.0,1.0,4.0,0.8608
mean_pairwise_hamming,mpnn_soluble_vs_rosetta,delta_q_density=+16,25,wilcoxon_signed_rank,0.0,5.960464477539064e-08,2.5033950805664062e-06,8.044444444444444,6.911111111111111,9.8,0.9808
positional_entropy,mpnn_soluble_vs_rosetta,delta_q_density=+16,25,wilcoxon_signed_rank,0.0,5.960464477539064e-08,2.5033950805664062e-06,0.2724066941439431,0.2009231792435579,0.3199631261047415,0.9968
designable_coverage,mpnn_soluble_vs_rosetta,delta_q_density=+16,25,wilcoxon_signed_rank,0.0,5.960464477539064e-08,2.384185791015625e-06,0.2063492063492062,0.1639344262295082,0.2711864406779661,0.9936
hit_any,mpnn_soluble_vs_rosetta,delta_q_density=+24,25,"mcnemar_exact(b=11,c=0); wilson ref [0.867,1.000] cmp [0.371,0.733]",11.0,0.0009765625,0.0390625,0.4399999999999999,,,0.44
hit_rate,mpnn_soluble_vs_rosetta,delta_q_density=+24,25,wilcoxon_signed_rank,0.0,5.960464477539064e-08,2.562999725341797e-06,0.9,,,1.0
median_mut_per_charge,mpnn_soluble_vs_rosetta,delta_q_density=+24,25,wilcoxon_signed_rank,65.0,0.0073709487915039,0.2211284637451172,0.0456389452332657,-0.0065789473684211,0.0887445887445887,0.3024
median_d_plddt_vs_wt_pred,mpnn_soluble_vs_rosetta,delta_q_density=+24,25,wilcoxon_signed_rank,37.0,0.0003290772438049,0.0128340125083923,-2.724229074889898,-6.522696078431359,-1.0694964028776963,-0.3504
median_tm_score_to_wt_crystal,mpnn_soluble_vs_rosetta,delta_q_density=+24,25,wilcoxon_signed_rank,107.0,0.1409152150154113,1.0,-0.0047788976351258,-0.0341217255511481,0.0017796475994563,-0.1296
n_unique_mutation_sets,mpnn_soluble_vs_rosetta,delta_q_density=+24,25,wilcoxon_signed_rank,0.0,0.0003858592413921,0.0108040587589797,1.0,,,0.64
mean_pairwise_hamming,mpnn_soluble_vs_rosetta,delta_q_density=+24,25,wilcoxon_signed_rank,0.0,5.960464477539064e-08,2.5033950805664062e-06,11.466666666666669,8.933333333333334,13.77777777777778,0.9936
positional_entropy,mpnn_soluble_vs_rosetta,delta_q_density=+24,25,wilcoxon_signed_rank,0.0,5.960464477539064e-08,2.5033950805664062e-06,0.3391714644908418,0.2877460690678691,0.4018434660734838,1.0
designable_coverage,mpnn_soluble_vs_rosetta,delta_q_density=+24,25,wilcoxon_signed_rank,0.0,5.960464477539064e-08,2.384185791015625e-06,0.2181818181818182,0.1864406779661017,0.2916666666666667,0.9712
