seq_id,net_charge,mutated_pos,temp,mpnn_score
eGFP_-25_0,-25,39+52+101+107+109+122+144+157+182+198+212+221+230,0.3,1.5541
eGFP_-25_1,-25,3+43+52+99+101+107+122+144+157+164+206+212+230,0.3,1.5442
eGFP_-25_2,-25,3+52+101+109+122+128+157+182+212+214+221+230,0.3,1.5552
eGFP_-25_3,-25,3+43+101+107+109+122+144+157+182+198+206+212+230,0.3,1.5822
eGFP_-25_4,-25,11+39+43+52+101+107+122+144+157+182+198+206+212+230,0.3,1.5368
eGFP_-25_5,-25,43+101+107+109+122+144+157+182+198+206+212+214+230,0.3,1.5961
eGFP_-25_6,-25,3+39+43+101+122+128+144+156+157+182+198+206+212+230,0.3,1.5211
eGFP_-25_7,-25,3+43+101+107+109+122+157+182+206+212+214+230,0.3,1.5599
eGFP_-25_8,-25,1+30+39+52+101+122+128+144+157+182+212+214+221+230,0.3,1.4766
eGFP_-25_9,-25,9+101+107+109+122+144+157+182+198+206+212+214+230,0.3,1.6597
eGFP_-45_0,-45,1+3+9+15+26+39+43+52+80+101+107+109+122+126+128+144+149+153+157+164+166+171+182+184+204+212+214+230,0.6,1.7792
eGFP_-45_1,-45,1+3+9+30+43+52+80+101+107+109+120+122+128+144+149+153+156+157+168+171+182+186+198+204+206+212+214+225+230,0.6,1.8638
eGFP_-45_2,-45,3+11+26+30+38+39+43+52+80+97+99+101+109+120+122+128+144+156+157+168+182+184+198+204+206+212+214+219+230,0.6,1.8459
eGFP_-45_3,-45,1+3+9+26+28+30+39+43+52+79+99+101+113+122+126+128+131+144+157+162+168+170+182+198+206+212+230,0.7,1.792
eGFP_-45_4,-45,1+3+9+15+39+52+79+80+99+101+107+109+122+128+144+156+157+171+176+182+198+202+204+206+212+214+221+227+230,0.7,1.8796
eGFP_-45_5,-45,1+3+30+39+41+43+52+93+101+109+122+126+128+144+156+157+162+166+168+182+198+206+212+214+225+230,0.6,1.8157
eGFP_-45_6,-45,1+3+11+30+38+39+43+80+93+97+101+109+122+128+149+151+153+156+157+164+170+176+182+184+198+209+212+214+221+223+230,0.7,1.8727
eGFP_-45_7,-45,3+9+26+30+39+43+52+80+97+99+101+120+122+128+131+153+156+157+168+170+178+182+184+202+206+212+214+225+230,0.7,1.7688
eGFP_-45_8,-45,3+30+39+41+43+52+99+101+107+109+122+128+144+156+157+164+168+170+171+176+182+198+202+204+206+212+214+230,0.6,1.7827
eGFP_-45_9,-45,3+9+11+38+41+52+80+99+101+107+109+120+122+126+140+144+149+153+156+157+186+198+212+214+219+221+230,0.7,2.1023
eGFP_-10_0,-10,157+212+230,0.3,1.4353
eGFP_-10_1,-10,101+157,0.3,1.4404
eGFP_-10_2,-10,157+212+230,0.3,1.4347
eGFP_-10_3,-10,157+198+230,0.3,1.438
eGFP_-10_4,-10,144+157+230,0.3,1.4623
eGFP_-10_5,-10,101+212,0.3,1.4684
eGFP_-10_6,-10,101+182,0.3,1.4551
eGFP_-10_7,-10,122+157,0.3,1.5153
eGFP_-10_8,-10,43+182+230,0.3,1.4911
eGFP_-10_9,-10,157+212+230,0.3,1.4217
eGFP_5_0,5,6+15+32+38+95+99+149+171+206,0.3,1.4546
eGFP_5_1,5,11+30+95+111+149+172+197+202,0.3,1.4967
eGFP_5_2,5,15+38+95+111+153+171+172+197,0.3,1.5424
eGFP_5_3,5,15+19+95+97+149+171+197+221+223,0.3,1.5833
eGFP_5_4,5,6+15+19+97+149+184+197+204+206,0.3,1.4337
eGFP_5_5,5,6+19+32+38+95+97+204+206,0.3,1.4659
eGFP_5_6,5,6+17+38+95+97+128+149+206+230,0.3,1.4463
eGFP_5_7,5,9+39+95+97+111+149+164+197+206,0.3,1.5056
eGFP_5_8,5,6+11+15+38+43+97+128+184+197+206,0.3,1.4565
eGFP_5_9,5,6+15+19+38+111+164+197+206,0.3,1.4746
eGFP_-5_0,-5,149+221,0.3,1.3248
eGFP_-5_1,-5,128+184,0.3,1.3768
eGFP_-5_2,-5,97+206,0.3,1.3361
eGFP_-5_3,-5,38+149,0.3,1.3567
eGFP_-5_4,-5,43+149,0.3,1.3363
eGFP_-5_5,-5,43+99,0.3,1.3352
eGFP_-5_6,-5,32,0.3,1.3293
eGFP_-5_7,-5,97+149,0.3,1.3523
eGFP_-5_8,-5,9+221,0.3,1.2975
eGFP_-5_9,-5,95,0.3,1.3755
eGFP_50_0,50,1+6+9+11+15+17+19+28+30+32+38+39+43+47+95+97+99+111+115+117+124+128+132+133+139+149+153+157+164+170+171+172+182+184+197+198+202+204+206+212+221+223+225+230,0.6,2.2459
eGFP_50_1,50,1+6+9+11+15+17+19+32+38+39+47+80+93+95+97+99+102+111+117+124+128+129+132+139+143+149+151+153+157+164+170+171+172+182+184+190+197+204+206+212+221+223+230,0.6,2.2475
eGFP_50_2,50,1+6+9+17+19+32+34+36+38+39+47+76+77+95+97+99+102+111+124+128+139+149+153+157+164+170+171+172+180+182+186+190+197+202+204+206+212+219+221+223+225+230,0.6,2.4178
eGFP_50_3,50,1+6+9+11+15+17+19+28+32+38+39+47+80+95+97+99+102+111+117+120+124+128+129+132+139+149+153+157+164+170+171+172+178+182+184+190+197+198+204+212+221+223+230,0.6,2.3393
eGFP_50_4,50,1+6+9+11+15+17+32+38+39+47+76+80+95+97+99+111+117+124+128+129+132+139+142+149+151+153+157+164+171+172+180+182+184+190+197+198+202+206+212+221+223+230,0.6,2.1533
eGFP_50_5,50,1+6+9+11+15+17+19+28+32+38+39+43+47+76+80+95+97+102+111+115+124+128+132+139+149+153+157+164+170+171+172+178+182+184+190+197+198+204+206+212+221+225+230,0.6,2.2581
eGFP_50_6,50,1+6+9+11+15+17+19+30+32+38+39+43+80+93+95+97+99+102+111+117+124+128+132+139+149+153+157+164+170+171+172+180+182+184+186+197+198+202+204+206+212+221+223+230,0.6,2.1333
eGFP_50_7,50,1+6+9+11+15+17+19+30+32+38+39+43+47+76+80+95+97+99+102+111+124+128+129+139+149+157+164+170+171+172+182+184+190+197+198+200+202+204+206+208+212+221+225+230,0.6,2.2631
eGFP_50_8,50,6+9+11+15+17+19+32+38+39+43+47+76+80+95+97+99+102+111+118+124+128+129+132+139+149+153+157+164+170+171+172+178+182+184+190+197+204+206+212+221+223+225+230,0.6,2.2313
eGFP_50_9,50,1+6+9+11+17+19+32+38+39+43+47+80+93+95+97+99+102+111+115+117+124+128+132+139+149+153+157+164+170+171+172+180+182+184+190+197+198+204+212+221+223+230,0.6,2.1884
eGFP_-50_0,-50,1+3+15+26+39+43+52+79+97+99+101+107+109+122+128+131+139+144+149+156+157+164+171+182+184+198+202+204+206+212+214+230,0.7,1.8498
eGFP_-50_1,-50,1+3+28+39+43+47+52+79+80+99+101+107+109+122+126+128+144+151+153+156+157+168+171+182+184+198+206+212+214+223+225+230,0.7,1.9089
eGFP_-50_2,-50,1+3+9+15+26+39+41+43+52+73+80+93+101+109+120+122+128+144+154+157+164+168+170+182+184+198+204+206+212+214+219+227+230,0.7,2.0828
eGFP_-50_3,-50,1+3+30+38+39+41+52+80+97+99+101+109+120+122+126+128+140+144+147+153+156+157+170+171+175+182+202+204+209+212+221+225+230,0.8,2.1062
eGFP_-50_4,-50,3+9+30+39+43+52+79+80+97+101+109+122+126+128+131+144+153+156+157+168+170+171+182+198+200+202+204+206+212+214+221+230,0.7,2.0097
eGFP_-50_5,-50,1+3+11+26+28+30+38+39+43+52+80+101+109+122+126+128+144+153+156+157+166+168+171+182+184+186+198+204+206+212+214+230,0.7,1.9021
eGFP_-50_6,-50,3+9+30+41+43+52+73+99+101+107+109+113+122+128+144+153+156+157+168+170+171+182+184+202+204+206+209+212+214+230,0.7,1.8895
eGFP_-50_7,-50,3+9+26+30+39+41+43+52+79+80+99+101+107+109+122+126+139+144+153+156+157+168+171+182+198+204+206+212+214+230,0.7,1.9059
eGFP_-50_8,-50,1+3+11+26+30+41+43+52+80+93+97+101+107+122+126+128+144+149+153+156+157+164+168+182+184+198+204+206+212+214+225+230,0.7,1.8597
eGFP_-50_9,-50,1+3+26+28+30+39+43+52+80+93+99+101+122+126+128+139+144+149+154+156+157+164+168+170+171+182+198+202+204+206+212+214+221+230,0.7,1.8496
eGFP_-60_0,-60,1+3+9+15+28+30+39+43+49+52+93+99+101+107+109+118+120+122+128+144+147+149+151+156+157+164+166+168+182+184+186+198+200+202+204+206+209+212+214+223+227+230,0.8,2.1356
eGFP_-60_1,-60,1+3+9+26+28+30+38+39+41+43+52+73+79+80+93+99+101+107+109+118+122+126+128+139+144+153+156+157+168+175+182+184+198+204+206+212+214+227+230,0.8,2.0169
eGFP_-60_2,-60,1+3+9+11+26+30+39+41+43+47+49+52+80+99+101+107+109+122+128+144+149+151+156+157+162+168+170+171+175+182+184+186+198+202+204+206+212+214+219+223+230,0.8,2.1845
eGFP_-60_3,-60,1+3+11+15+26+28+30+39+43+47+52+80+93+97+99+101+107+109+120+122+126+128+144+149+154+156+157+164+170+171+176+182+198+202+208+209+212+214+221+223+225+230,0.8,2.2184
eGFP_-60_4,-60,1+3+9+11+15+26+30+39+43+80+101+107+109+120+122+128+139+144+147+149+151+156+157+162+164+166+170+171+182+184+198+202+204+206+209+212+214+219+221+225+227+230,0.8,2.1483
eGFP_-60_5,-60,3+11+26+28+30+39+43+45+47+52+80+99+101+107+109+113+118+122+126+128+144+147+149+156+157+164+166+168+170+171+178+182+184+198+204+212+214+221+230,0.8,2.0042
eGFP_-60_6,-60,1+3+9+15+26+38+39+43+52+79+80+97+99+101+105+107+109+113+122+128+131+144+149+151+153+156+157+164+168+170+182+198+200+204+206+212+214+223+227+230,0.8,2.015
eGFP_-60_7,-60,1+3+9+11+15+26+30+38+39+41+43+52+79+80+93+97+99+101+107+109+122+128+144+149+154+156+157+168+170+178+182+184+186+198+202+204+206+212+214+219+230,0.8,2.1421
eGFP_-60_8,-60,1+3+9+11+28+30+39+43+52+73+99+101+107+109+120+122+126+128+144+147+149+153+156+157+164+166+168+170+171+182+198+200+202+204+206+212+214+221+225+227+230,0.8,2.0478
eGFP_-60_9,-60,1+3+9+11+15+26+28+38+39+41+43+52+77+80+97+99+101+105+107+109+113+120+122+126+128+144+153+156+157+164+171+176+182+186+198+204+206+212+214+227+230,0.8,1.9563
eGFP_45_0,45,1+6+9+11+15+17+19+32+34+38+39+47+80+93+95+97+99+111+117+124+128+139+149+153+164+170+171+172+180+184+190+197+204+206+212+221+223+225+230,0.5,2.2359
eGFP_45_1,45,1+6+9+11+15+17+19+30+38+39+47+95+97+111+117+124+128+132+139+142+149+153+157+164+170+171+172+180+182+184+190+197+198+204+206+212+221+225+230,0.5,2.1539
eGFP_45_2,45,1+6+9+11+15+17+19+32+38+39+43+47+76+80+95+97+99+111+117+124+128+139+149+153+157+164+170+171+172+178+184+190+197+198+202+204+206+212+223+230,0.5,2.1279
eGFP_45_3,45,6+9+11+15+17+19+32+38+39+43+47+76+80+95+97+99+102+111+117+128+132+139+149+153+157+164+170+171+172+184+186+190+197+204+206+212+221+223+230,0.5,2.1113
eGFP_45_4,45,1+6+9+11+15+17+19+30+32+38+39+43+76+80+95+97+99+111+117+124+128+139+149+153+157+164+170+171+172+178+184+190+197+198+204+206+212+221+225+230,0.5,2.0384
eGFP_45_5,45,1+6+9+11+17+19+28+30+32+38+39+43+47+80+95+97+99+102+111+115+117+124+128+139+149+153+157+171+172+178+182+184+190+197+198+204+221+223+230,0.6,2.1529
eGFP_45_6,45,1+6+9+11+15+17+19+32+38+39+47+80+95+97+99+102+111+117+124+128+132+139+149+153+164+170+171+172+182+184+186+190+197+204+206+212+221+225+230,0.5,2.2229
eGFP_45_7,45,6+9+11+15+17+19+30+38+39+43+47+76+80+93+95+97+99+111+117+124+128+139+149+157+164+170+171+172+180+184+190+197+198+204+206+212+221+223+225+230,0.6,2.1699
eGFP_45_8,45,1+6+9+11+15+17+19+38+39+43+47+80+93+95+97+99+111+124+128+133+139+149+151+153+157+164+170+171+172+178+180+184+190+197+202+204+206+212+221+223+230,0.6,2.1682
eGFP_45_9,45,1+6+9+11+17+19+32+38+39+47+76+80+93+95+97+99+111+117+124+128+132+139+149+153+157+164+170+171+172+178+184+190+197+204+206+212+221+223+230,0.5,2.145
eGFP_10_0,10,17+32+38+43+95+99+111+149+153+182+197+206,0.3,1.5436
eGFP_10_1,10,6+11+17+38+95+97+111+149+153+197+206+223,0.3,1.6007
eGFP_10_2,10,6+17+32+43+95+111+149+197+202+212+223,0.3,1.6674
eGFP_10_3,10,6+11+15+19+95+97+149+164+171+197+204+221+230,0.3,1.5144
eGFP_10_4,10,1+11+15+38+43+97+124+128+149+171+182+184+197+204+206,0.3,1.5589
eGFP_10_5,10,19+38+39+95+97+128+149+153+164+172+197+204+206,0.3,1.5374
eGFP_10_6,10,6+11+17+95+99+124+128+139+182+197+202+206,0.3,1.5017
eGFP_10_7,10,19+32+38+97+128+139+149+172+184+197+221+223+230,0.3,1.5402
eGFP_10_8,10,6+15+38+97+124+128+139+149+172+184+197+206+223,0.3,1.4959
eGFP_10_9,10,17+38+97+99+111+128+153+172+184+197+202+204+206,0.3,1.576
eGFP_60_0,60,6+9+11+15+17+28+32+38+39+47+76+80+93+95+97+99+102+111+115+117+118+124+128+129+132+139+142+149+151+153+157+164+170+171+172+178+180+182+184+190+197+202+204+206+208+212+221+223+227+230,0.7,2.5295
eGFP_60_1,60,1+6+9+11+17+19+30+32+34+38+39+43+47+76+80+93+95+97+99+111+117+120+124+128+129+133+139+142+149+151+153+157+164+170+171+172+178+180+184+186+190+197+198+204+206+212+221+223+225+230,0.8,2.569
eGFP_60_2,60,1+6+9+11+15+17+19+32+38+39+43+47+76+80+93+95+97+102+111+115+117+124+128+129+132+133+139+142+149+153+157+164+171+172+180+184+186+190+197+198+202+204+206+212+219+221+223+230,0.7,2.4562
eGFP_60_3,60,1+6+9+11+17+19+30+32+38+39+43+47+76+80+95+97+102+111+115+117+124+128+129+132+133+139+149+153+157+164+170+171+172+176+178+180+182+184+190+197+198+202+204+206+212+221+223+227+230,0.7,2.3056
eGFP_60_4,60,1+6+9+11+15+17+19+28+32+38+39+43+47+76+80+93+97+99+102+105+111+117+124+128+129+132+139+142+149+157+164+172+173+176+178+180+184+186+190+197+198+202+204+206+212+219+221+223+225+230,0.8,2.536
eGFP_60_5,60,1+6+9+11+15+17+19+28+32+38+39+43+47+76+93+95+97+99+102+111+115+117+124+128+129+132+133+139+144+149+153+154+157+164+170+171+172+175+178+184+190+197+198+204+206+212+221+223+225+230,0.8,2.5125
eGFP_60_6,60,1+6+9+11+15+17+19+28+32+34+38+39+43+47+76+80+95+97+99+102+111+115+117+124+128+129+132+139+149+151+153+157+164+170+171+172+178+180+182+184+190+197+200+204+206+212+221+223+230,0.7,2.3918
eGFP_60_7,60,1+6+9+15+17+19+28+30+32+34+38+39+43+47+76+80+93+97+99+111+115+117+124+128+129+132+133+139+143+149+153+157+164+170+171+172+178+180+182+184+190+197+200+202+204+212+221+223+225+230,0.7,2.5506
eGFP_60_8,60,1+6+9+11+15+17+19+30+32+38+39+43+47+76+80+95+97+99+102+111+115+117+124+128+129+132+133+139+149+153+157+164+170+171+172+178+180+184+186+190+197+198+202+204+206+212+221+223+230,0.7,2.3998
eGFP_60_9,60,1+6+9+11+15+19+21+28+30+38+39+43+47+76+80+93+95+97+99+102+105+111+115+117+124+128+132+139+149+153+154+157+164+170+171+172+173+178+180+182+184+190+197+198+202+204+206+208+212+223+230,0.8,2.4242
eGFP_25_0,25,1+6+11+15+17+19+32+38+93+97+124+128+139+149+153+171+172+182+184+197+204+212+221+223+230,0.3,1.8961
eGFP_25_1,25,1+6+11+17+19+32+38+95+97+99+111+128+149+153+164+171+172+184+197+206+212+221+223+230,0.3,1.8538
eGFP_25_2,25,6+11+17+19+32+38+43+95+97+99+111+128+139+149+164+171+172+184+197+204+206+212+223+230,0.3,1.8712
eGFP_25_3,25,6+11+15+17+38+39+43+95+97+99+111+124+128+139+142+149+153+164+171+184+197+204+206+212+230,0.3,1.7888
eGFP_25_4,25,1+6+11+17+19+32+38+39+43+95+97+99+111+149+153+171+172+184+197+204+206+212+223+230,0.3,1.7763
eGFP_25_5,25,6+9+11+15+17+19+38+39+43+95+97+111+128+139+149+157+164+171+172+184+197+204+206+212+230,0.3,1.8263
eGFP_25_6,25,6+11+15+17+38+43+76+95+97+111+124+128+139+149+164+171+172+184+197+204+206+212+223+230,0.3,1.8532
eGFP_25_7,25,1+6+11+15+17+19+38+39+43+95+97+99+111+128+149+153+164+171+172+184+197+204+206+223+230,0.3,1.7962
eGFP_25_8,25,9+11+17+32+38+39+43+95+97+99+111+124+128+139+149+164+172+184+190+197+198+202+204+206,0.3,1.729
eGFP_25_9,25,1+9+15+17+19+34+38+39+43+97+111+124+128+139+149+153+164+171+172+184+197+204+206+212+223,0.3,1.8115
